/*
SQLyog Ultimate v12.09 (64 bit)
MySQL - 8.0.17 : Database - ssm
*********************************************************************
*/

/*!40101 SET NAMES utf8 */;

/*!40101 SET SQL_MODE=''*/;

/*!40014 SET @OLD_UNIQUE_CHECKS=@@UNIQUE_CHECKS, UNIQUE_CHECKS=0 */;
/*!40014 SET @OLD_FOREIGN_KEY_CHECKS=@@FOREIGN_KEY_CHECKS, FOREIGN_KEY_CHECKS=0 */;
/*!40101 SET @OLD_SQL_MODE=@@SQL_MODE, SQL_MODE='NO_AUTO_VALUE_ON_ZERO' */;
/*!40111 SET @OLD_SQL_NOTES=@@SQL_NOTES, SQL_NOTES=0 */;
CREATE DATABASE /*!32312 IF NOT EXISTS*/`ssm` /*!40100 DEFAULT CHARACTER SET utf8mb4 COLLATE utf8mb4_0900_ai_ci */ /*!80016 DEFAULT ENCRYPTION='N' */;

USE `ssm`;

/*Table structure for table `email` */

DROP TABLE IF EXISTS `email`;

CREATE TABLE `email` (
  `id` varchar(32) NOT NULL,
  `sendId` varchar(32) DEFAULT NULL,
  `content` varchar(150) DEFAULT NULL,
  `sendTime` datetime DEFAULT NULL,
  `receiveId` varchar(32) DEFAULT NULL,
  `readStatus` int(11) DEFAULT NULL,
  `title` varchar(10) DEFAULT NULL,
  PRIMARY KEY (`id`),
  KEY `sendId` (`sendId`),
  KEY `receiveId` (`receiveId`),
  CONSTRAINT `email_ibfk_1` FOREIGN KEY (`sendId`) REFERENCES `users` (`id`),
  CONSTRAINT `email_ibfk_2` FOREIGN KEY (`receiveId`) REFERENCES `users` (`id`)
) ENGINE=InnoDB DEFAULT CHARSET=utf8mb4 COLLATE=utf8mb4_0900_ai_ci;

/*Data for the table `email` */

insert  into `email`(`id`,`sendId`,`content`,`sendTime`,`receiveId`,`readStatus`,`title`) values ('2908afe87b1648bdac6e9a123c4d8ead','a','                                balabala','2020-10-09 05:44:13','d99b4237366048979e1bbef136e57882',1,NULL),('70b584f6ff9642df9bb84c80e5f5a37b','a','                                dsdf','2020-10-09 11:15:35','d99b4237366048979e1bbef136e57882',0,NULL),('9345c0665eec4ed982caad95c56d3304','d99b4237366048979e1bbef136e57882','                               没什么大不了','2020-10-14 07:28:20','a',1,'无'),('9d467b30457f4682a824f3bfbd7dd74f','a','                                这是一个测试','2020-09-29 09:27:51','a',1,NULL),('a','a','asdsa','2020-09-10 21:34:47','a',1,NULL),('a639d6670ee743428aaaacc3422e81d7','a','                                收到','2020-10-09 08:22:30','d99b4237366048979e1bbef136e57882',1,NULL),('f4d99455d62345208c98125b16a43789','a','                                \\\\asfs\\\\','2020-10-09 05:54:42','a',0,NULL);

/*Table structure for table `member` */

DROP TABLE IF EXISTS `member`;

CREATE TABLE `member` (
  `id` varchar(32) NOT NULL,
  `name` varchar(20) DEFAULT NULL,
  `nickname` varchar(20) DEFAULT NULL,
  `phoneNum` varchar(20) NOT NULL,
  `email` varchar(20) DEFAULT NULL,
  PRIMARY KEY (`id`)
) ENGINE=InnoDB DEFAULT CHARSET=utf8mb4 COLLATE=utf8mb4_0900_ai_ci;

/*Data for the table `member` */

insert  into `member`(`id`,`name`,`nickname`,`phoneNum`,`email`) values ('E61D65F673D54F68B0861025C69773DB','张三','小三','18888888888','zs@163.com');

/*Table structure for table `order_traveller` */

DROP TABLE IF EXISTS `order_traveller`;

CREATE TABLE `order_traveller` (
  `orderId` varchar(32) NOT NULL,
  `travellerId` varchar(32) NOT NULL,
  PRIMARY KEY (`orderId`,`travellerId`),
  KEY `travellerId` (`travellerId`),
  CONSTRAINT `order_traveller_ibfk_1` FOREIGN KEY (`orderId`) REFERENCES `orders` (`id`),
  CONSTRAINT `order_traveller_ibfk_2` FOREIGN KEY (`travellerId`) REFERENCES `traveller` (`id`)
) ENGINE=InnoDB DEFAULT CHARSET=utf8mb4 COLLATE=utf8mb4_0900_ai_ci;

/*Data for the table `order_traveller` */

insert  into `order_traveller`(`orderId`,`travellerId`) values ('2FF351C4AC744E2092DCF08CFD314420','3FE27DF2A4E44A6DBC5D0FE4651D3D3E'),('5DC6A48DD4E94592AE904930EA866AFA','3FE27DF2A4E44A6DBC5D0FE4651D3D3E'),('A0657832D93E4B10AE88A2D4B70B1A28','3FE27DF2A4E44A6DBC5D0FE4651D3D3E'),('3081770BC3984EF092D9E99760FDABDE','EE7A71FB6945483FBF91543DBE851960'),('55F9AF582D5A4DB28FB4EC3199385762','EE7A71FB6945483FBF91543DBE851960'),('96CC8BD43C734CC2ACBFF09501B4DD5D','EE7A71FB6945483FBF91543DBE851960'),('CA005CF1BE3C4EF68F88ABC7DF30E976','EE7A71FB6945483FBF91543DBE851960'),('E4DD4C45EED84870ABA83574A801083E','EE7A71FB6945483FBF91543DBE851960');

/*Table structure for table `orders` */

DROP TABLE IF EXISTS `orders`;

CREATE TABLE `orders` (
  `id` varchar(32) NOT NULL,
  `orderNum` varchar(20) NOT NULL,
  `orderTime` date DEFAULT NULL,
  `peopleCount` int(11) DEFAULT NULL,
  `orderDesc` varchar(500) DEFAULT NULL,
  `payType` int(11) DEFAULT NULL,
  `orderStatus` int(11) DEFAULT NULL,
  `productId` varchar(32) DEFAULT NULL,
  `memberId` varchar(32) DEFAULT NULL,
  PRIMARY KEY (`id`),
  KEY `productId` (`productId`),
  KEY `memberId` (`memberId`),
  CONSTRAINT `orders_ibfk_1` FOREIGN KEY (`productId`) REFERENCES `product` (`id`),
  CONSTRAINT `orders_ibfk_2` FOREIGN KEY (`memberId`) REFERENCES `member` (`id`)
) ENGINE=InnoDB DEFAULT CHARSET=utf8mb4 COLLATE=utf8mb4_0900_ai_ci;

/*Data for the table `orders` */

insert  into `orders`(`id`,`orderNum`,`orderTime`,`peopleCount`,`orderDesc`,`payType`,`orderStatus`,`productId`,`memberId`) values ('2FF351C4AC744E2092DCF08CFD314420','67890','2018-03-02',2,'没什么',0,1,'12B7ABF2A4C544568B0A7C69F36BF8B7','E61D65F673D54F68B0861025C69773DB'),('3081770BC3984EF092D9E99760FDABDE','55555','2018-03-02',2,'没什么',0,1,'9F71F01CB448476DAFB309AA6DF9497F','E61D65F673D54F68B0861025C69773DB'),('55F9AF582D5A4DB28FB4EC3199385762','33333','2018-03-02',2,'没什么',0,1,'9F71F01CB448476DAFB309AA6DF9497F','E61D65F673D54F68B0861025C69773DB'),('5DC6A48DD4E94592AE904930EA866AFA','54321','2018-03-02',2,'没什么',0,1,'676C5BD1D35E429A8C2E114939C5685A','E61D65F673D54F68B0861025C69773DB'),('96CC8BD43C734CC2ACBFF09501B4DD5D','22222','2018-03-02',2,'没什么',0,1,'12B7ABF2A4C544568B0A7C69F36BF8B7','E61D65F673D54F68B0861025C69773DB'),('A0657832D93E4B10AE88A2D4B70B1A28','98765','2018-03-02',2,'没什么',0,1,'12B7ABF2A4C544568B0A7C69F36BF8B7','E61D65F673D54F68B0861025C69773DB'),('CA005CF1BE3C4EF68F88ABC7DF30E976','44444','2018-03-02',2,'没什么',0,1,'9F71F01CB448476DAFB309AA6DF9497F','E61D65F673D54F68B0861025C69773DB'),('E4DD4C45EED84870ABA83574A801083E','11111','2018-03-02',2,'没什么',0,1,'12B7ABF2A4C544568B0A7C69F36BF8B7','E61D65F673D54F68B0861025C69773DB');

/*Table structure for table `permission` */

DROP TABLE IF EXISTS `permission`;

CREATE TABLE `permission` (
  `id` varchar(32) NOT NULL,
  `permissionName` varchar(50) DEFAULT NULL,
  `url` varchar(50) DEFAULT NULL,
  PRIMARY KEY (`id`)
) ENGINE=InnoDB DEFAULT CHARSET=utf8mb4 COLLATE=utf8mb4_0900_ai_ci;

/*Data for the table `permission` */

insert  into `permission`(`id`,`permissionName`,`url`) values ('4e317f19a4564899a7ff68635a15646a','只能查看','/find*'),('a','所有权限','/*');

/*Table structure for table `product` */

DROP TABLE IF EXISTS `product`;

CREATE TABLE `product` (
  `id` varchar(32) NOT NULL,
  `productNum` varchar(50) NOT NULL,
  `productName` varchar(50) DEFAULT NULL,
  `cityName` varchar(50) DEFAULT NULL,
  `DepartureTime` datetime NOT NULL,
  `productPrice` int(11) DEFAULT NULL,
  `productDesc` varchar(500) DEFAULT NULL,
  `productStatus` int(11) DEFAULT NULL,
  PRIMARY KEY (`id`),
  UNIQUE KEY `product` (`id`,`productNum`)
) ENGINE=InnoDB DEFAULT CHARSET=utf8mb4 COLLATE=utf8mb4_0900_ai_ci;

/*Data for the table `product` */

insert  into `product`(`id`,`productNum`,`productName`,`cityName`,`DepartureTime`,`productPrice`,`productDesc`,`productStatus`) values ('12B7ABF2A4C544568B0A7C69F36BF8B7','itcast-003','上海五日游','上海','2018-05-24 00:00:00',1800,'魔都我来了',0),('4f875d4f858c4facb2dbeb74426a6747','itcast-004','西安一日游','成都','2020-08-09 00:00:00',1000,'撒',0),('676C5BD1D35E429A8C2E114939C5685A','itcast-002','北京三日游','北京','2018-10-10 00:00:00',1200,'不错的旅行',1),('9F71F01CB448476DAFB309AA6DF9497F','itcast-001','北京三日游','北京','2018-10-10 00:00:00',1200,'不错的旅行',1),('ddadc13bce6243808e1b9b0e2757655c','itcast-004','西安一日游','成都','2020-08-09 02:45:00',1000,'sdsa',0);

/*Table structure for table `role` */

DROP TABLE IF EXISTS `role`;

CREATE TABLE `role` (
  `id` varchar(32) NOT NULL,
  `roleName` varchar(50) DEFAULT NULL,
  `roleDesc` varchar(50) DEFAULT NULL,
  PRIMARY KEY (`id`)
) ENGINE=InnoDB DEFAULT CHARSET=utf8mb4 COLLATE=utf8mb4_0900_ai_ci;

/*Data for the table `role` */

insert  into `role`(`id`,`roleName`,`roleDesc`) values ('a','ROLE_USER','至尊VIP'),('ebb6d0f89343411893830510296a2104','ROLE_ADMIN','VIP');

/*Table structure for table `role_permission` */

DROP TABLE IF EXISTS `role_permission`;

CREATE TABLE `role_permission` (
  `permissionId` varchar(32) NOT NULL,
  `roleId` varchar(32) NOT NULL,
  PRIMARY KEY (`permissionId`,`roleId`),
  KEY `roleId` (`roleId`),
  CONSTRAINT `role_permission_ibfk_1` FOREIGN KEY (`permissionId`) REFERENCES `permission` (`id`),
  CONSTRAINT `role_permission_ibfk_2` FOREIGN KEY (`roleId`) REFERENCES `role` (`id`)
) ENGINE=InnoDB DEFAULT CHARSET=utf8mb4 COLLATE=utf8mb4_0900_ai_ci;

/*Data for the table `role_permission` */

insert  into `role_permission`(`permissionId`,`roleId`) values ('a','a'),('4e317f19a4564899a7ff68635a15646a','ebb6d0f89343411893830510296a2104');

/*Table structure for table `syslog` */

DROP TABLE IF EXISTS `syslog`;

CREATE TABLE `syslog` (
  `id` varchar(32) NOT NULL,
  `visitTime` datetime DEFAULT NULL,
  `username` varchar(50) DEFAULT NULL,
  `ip` varchar(30) DEFAULT NULL,
  `url` varchar(50) DEFAULT NULL,
  `executionTime` int(11) DEFAULT NULL,
  `method` varchar(200) DEFAULT NULL,
  PRIMARY KEY (`id`)
) ENGINE=InnoDB DEFAULT CHARSET=utf8mb4 COLLATE=utf8mb4_0900_ai_ci;

/*Data for the table `syslog` */

insert  into `syslog`(`id`,`visitTime`,`username`,`ip`,`url`,`executionTime`,`method`) values ('0029e7beb1bf45ef9cdf666171e3f566','2020-10-09 11:36:48','admin','0:0:0:0:0:0:0:1','/email/findNewEmailNum',8,'com.hqs.controller.EmailControllerfindNewEmailNum'),('0084f38a6b2844249b9181c65187a7a6','2020-10-13 11:46:08','admin','0:0:0:0:0:0:0:1','/email/findNewEmail',20,'com.hqs.controller.EmailControllerfindNewEmail'),('00d458ab4a1b496cb3c737d181520493','2020-10-14 06:41:38','admin','0:0:0:0:0:0:0:1','/email/findNewEmail',14,'com.hqs.controller.EmailControllerfindNewEmail'),('014b8080f18b4dedbaad99c809f742eb','2020-10-14 06:14:30','admin','0:0:0:0:0:0:0:1','/email/linkToSend',10,'com.hqs.controller.EmailControllerlinkToSend'),('01bbb8508d604e59b5a69b18194390a4','2020-10-14 06:52:55','admin','0:0:0:0:0:0:0:1','/email/findNewEmail',13,'com.hqs.controller.EmailControllerfindNewEmail'),('01fb4f833a4b444a822fb914a702e92b','2020-10-14 06:53:24','admin','0:0:0:0:0:0:0:1','/email/findNewEmail',10,'com.hqs.controller.EmailControllerfindNewEmail'),('025654a8c4f743179109fcad2b9fc58f','2020-10-09 11:56:24','admin','0:0:0:0:0:0:0:1','/email/findNewEmail',11,'com.hqs.controller.EmailControllerfindNewEmail'),('02bb3f05e3774d1eae09732c6fe757a2','2020-10-14 03:04:51','admin','0:0:0:0:0:0:0:1','/email/findNewEmail',11,'com.hqs.controller.EmailControllerfindNewEmail'),('02e71770bed7462c82d5bc7bacbcce47','2020-10-14 07:07:02','admin','0:0:0:0:0:0:0:1','/emailfindAll',14,'com.hqs.controller.EmailControllerfindAll'),('042a5113695e48c1b6843307cd0db31a','2020-10-14 06:43:46','admin','0:0:0:0:0:0:0:1','/email/findNewEmail',61,'com.hqs.controller.EmailControllerfindNewEmail'),('049d13db692c4579952d2be14ba3e5b1','2020-10-14 06:52:32','admin','0:0:0:0:0:0:0:1','/email/findNewEmail',11,'com.hqs.controller.EmailControllerfindNewEmail'),('0525998ebe7549cdbc3b4dee543138f4','2020-10-14 06:15:30','admin','0:0:0:0:0:0:0:1','/email/linkToSend',8,'com.hqs.controller.EmailControllerlinkToSend'),('07fa848901cc4451b8360e1f4ce0a4e1','2020-10-14 06:05:15','admin','0:0:0:0:0:0:0:1','/email/findNewEmail',86,'com.hqs.controller.EmailControllerfindNewEmail'),('0897153d4c8e499c94e6b1fd126ac482','2020-10-14 06:16:01','admin','0:0:0:0:0:0:0:1','/email/findNewEmail',20,'com.hqs.controller.EmailControllerfindNewEmail'),('08aed24048ed4ce48e1c26ef83d70402','2020-10-14 03:25:26','admin','0:0:0:0:0:0:0:1','/email/findNewEmail',9,'com.hqs.controller.EmailControllerfindNewEmail'),('0a2d1666e14643ed940439c5689ba294','2020-10-14 06:40:57','admin','0:0:0:0:0:0:0:1','/email/findNewEmail',12,'com.hqs.controller.EmailControllerfindNewEmail'),('0a4fd124dce945449f9d00c17e2e0b16','2020-10-14 06:48:10','admin','0:0:0:0:0:0:0:1','/email/findNewEmail',14,'com.hqs.controller.EmailControllerfindNewEmail'),('0a66b44fb9794f5da6d256b3b9730d96','2020-10-09 11:52:28','admin','0:0:0:0:0:0:0:1','/email/findNewEmail',11,'com.hqs.controller.EmailControllerfindNewEmail'),('0b1b5a36278641d69b45b5338f97189f','2020-10-14 06:50:26','admin','0:0:0:0:0:0:0:1','/email/findNewEmail',12,'com.hqs.controller.EmailControllerfindNewEmail'),('0b7d390f5c784f0a8953e91cb52913cc','2020-10-09 11:50:06','admin','0:0:0:0:0:0:0:1','/email/findNewEmailNum',8,'com.hqs.controller.EmailControllerfindNewEmailNum'),('0b9d519ab1f4447bac3426cc279cce98','2020-10-14 03:26:36','admin','0:0:0:0:0:0:0:1','/email/findNewEmail',9,'com.hqs.controller.EmailControllerfindNewEmail'),('0beae51f4d4b4ed5a7dfb03c182cd341','2020-10-14 06:41:38','admin','0:0:0:0:0:0:0:1','/email/findNewEmail',12,'com.hqs.controller.EmailControllerfindNewEmail'),('0ce4dfefdf82445e8731ef020c2ea88e','2020-10-09 11:14:03','user','0:0:0:0:0:0:0:1','/email/findNewEmail',14,'com.hqs.controller.EmailControllerfindNewEmail'),('0db20350164a435b9987079dcbfb5269','2020-10-14 06:41:33','admin','0:0:0:0:0:0:0:1','/email/findNewEmail',16,'com.hqs.controller.EmailControllerfindNewEmail'),('0db54542451c437ab120f04788812315','2020-10-14 06:16:14','admin','0:0:0:0:0:0:0:1','/email/findNewEmail',13,'com.hqs.controller.EmailControllerfindNewEmail'),('0dcfa1b2b1a14031909b67ee65d45b7e','2020-10-14 06:56:13','admin','0:0:0:0:0:0:0:1','/email/findNewEmail',16,'com.hqs.controller.EmailControllerfindNewEmail'),('0e7f9a24ba4045f9bc3d257429078499','2020-10-14 02:48:55','admin','0:0:0:0:0:0:0:1','/email/findNewEmail',62,'com.hqs.controller.EmailControllerfindNewEmail'),('0f27f40203354d1ead0252b958186b9f','2020-10-14 06:51:04','admin','0:0:0:0:0:0:0:1','/email/findNewEmail',17,'com.hqs.controller.EmailControllerfindNewEmail'),('0f4b4fbf949a4ef6a854eff3e574887a','2020-10-14 06:16:17','admin','0:0:0:0:0:0:0:1','/email/findNewEmail',12,'com.hqs.controller.EmailControllerfindNewEmail'),('10fa7a3561764861b4ae2f424bbc7065','2020-10-14 07:06:43','admin','0:0:0:0:0:0:0:1','/emailfindAll',18,'com.hqs.controller.EmailControllerfindAll'),('1135c23049d74e3b8ac7b70f4c3ad8cc','2020-10-09 11:35:45','admin','0:0:0:0:0:0:0:1','/sysLog/findAll',9,'com.hqs.controller.SysLogControllerfindAll'),('116a507a0b004f72bc2669e5106465e4','2020-10-14 06:59:22','admin','0:0:0:0:0:0:0:1','/email/findNewEmail',11,'com.hqs.controller.EmailControllerfindNewEmail'),('11d30691789c489d8616463c13c0a12c','2020-10-14 03:26:38','admin','0:0:0:0:0:0:0:1','/email/findNewEmail',8,'com.hqs.controller.EmailControllerfindNewEmail'),('128a1e5bb4774ffca7e9dd0b76e68fdd','2020-10-14 03:10:08','admin','0:0:0:0:0:0:0:1','/email/findNewEmail',7,'com.hqs.controller.EmailControllerfindNewEmail'),('136739c867f84ff0970d9225661a50c1','2020-10-14 06:34:25','admin','0:0:0:0:0:0:0:1','/email/findNewEmail',12,'com.hqs.controller.EmailControllerfindNewEmail'),('13a171182def454ea94c80eab776d74a','2020-10-14 06:54:09','admin','0:0:0:0:0:0:0:1','/email/findNewEmail',12,'com.hqs.controller.EmailControllerfindNewEmail'),('15b2d83f3a1742e994e8d451e8a53474','2020-10-14 06:47:53','admin','0:0:0:0:0:0:0:1','/email/findNewEmail',14,'com.hqs.controller.EmailControllerfindNewEmail'),('15fd3a30112b4a20adf4486d9fa2b6ef','2020-10-14 07:27:56','admin','0:0:0:0:0:0:0:1','/email/findNewEmail',81,'com.hqs.controller.EmailControllerfindNewEmail'),('17c524a0ee6e4a2993e2902b90873abf','2020-10-14 06:54:07','admin','0:0:0:0:0:0:0:1','/email/findNewEmail',11,'com.hqs.controller.EmailControllerfindNewEmail'),('188164f44f1d45559d7e4a41fd00eb26','2020-10-14 03:04:49','admin','0:0:0:0:0:0:0:1','/email/findNewEmail',10,'com.hqs.controller.EmailControllerfindNewEmail'),('1890b32fdcad43ad95032b7403cfc17b','2020-10-14 06:47:10','admin','0:0:0:0:0:0:0:1','/email/findNewEmail',15,'com.hqs.controller.EmailControllerfindNewEmail'),('19074b6340c94e9196b2ae087a781918','2020-10-14 07:29:08','user','0:0:0:0:0:0:0:1','/email/findNewEmail',15,'com.hqs.controller.EmailControllerfindNewEmail'),('19a6f6e830184656a51a4bbe7d1dccc4','2020-10-14 06:56:49','admin','0:0:0:0:0:0:0:1','/email/findNewEmail',24,'com.hqs.controller.EmailControllerfindNewEmail'),('1a2bbb561fd9400090bac8c488c95958','2020-10-13 11:44:53','admin','0:0:0:0:0:0:0:1','/email/findNewEmail',123,'com.hqs.controller.EmailControllerfindNewEmail'),('1b52e7d504724a9fa3697555278c7903','2020-10-14 06:40:30','admin','0:0:0:0:0:0:0:1','/email/findNewEmail',14,'com.hqs.controller.EmailControllerfindNewEmail'),('1be0b16e660a495db10ea62256f7b131','2020-10-14 06:56:21','admin','0:0:0:0:0:0:0:1','/email/findNewEmail',14,'com.hqs.controller.EmailControllerfindNewEmail'),('1d7c2470ac3c43ed8468465356b677de','2020-10-14 07:25:39','admin','0:0:0:0:0:0:0:1','/emailfindAll',33,'com.hqs.controller.EmailControllerfindAll'),('1d995344638843c7b25a7feacf63d558','2020-10-14 06:48:33','admin','0:0:0:0:0:0:0:1','/email/findNewEmail',13,'com.hqs.controller.EmailControllerfindNewEmail'),('1dbb95d0f48e48ca9b8b70f89ca80768','2020-10-14 06:34:25','admin','0:0:0:0:0:0:0:1','/email/findNewEmail',13,'com.hqs.controller.EmailControllerfindNewEmail'),('1ffc79dfaf554aeaa3174d4d64b144fb','2020-10-14 03:04:50','admin','0:0:0:0:0:0:0:1','/email/findNewEmail',13,'com.hqs.controller.EmailControllerfindNewEmail'),('2102e8ccd69d48688d2cfd64e332d1fb','2020-10-14 06:39:53','admin','0:0:0:0:0:0:0:1','/email/findNewEmail',12,'com.hqs.controller.EmailControllerfindNewEmail'),('219c8c781ee040baa20baef9b9b0f5f0','2020-10-14 06:48:01','admin','0:0:0:0:0:0:0:1','/email/findNewEmail',14,'com.hqs.controller.EmailControllerfindNewEmail'),('22241301451e409c82a37d8bdbed76c3','2020-10-14 06:56:52','admin','0:0:0:0:0:0:0:1','/email/findNewEmail',12,'com.hqs.controller.EmailControllerfindNewEmail'),('227d02e095114e1d8606d003efb489e0','2020-10-14 06:56:53','admin','0:0:0:0:0:0:0:1','/email/findNewEmail',11,'com.hqs.controller.EmailControllerfindNewEmail'),('22f75292fbee42ecac3442be29ae6267','2020-10-09 12:08:58','admin','0:0:0:0:0:0:0:1','/email/findNewEmail',9,'com.hqs.controller.EmailControllerfindNewEmail'),('24fa15d1f5564cf28c379293cc5e9350','2020-10-14 06:56:12','admin','0:0:0:0:0:0:0:1','/email/findNewEmail',15,'com.hqs.controller.EmailControllerfindNewEmail'),('2538ea6d60624b12bc6797ec0d205884','2020-10-14 07:05:23','admin','0:0:0:0:0:0:0:1','/email/findNewEmail',13,'com.hqs.controller.EmailControllerfindNewEmail'),('25b591d35ad148939ffa50ac9ab81742','2020-10-14 06:56:59','admin','0:0:0:0:0:0:0:1','/email/findNewEmail',13,'com.hqs.controller.EmailControllerfindNewEmail'),('25dcbd59d8464c95b16185f81e50145e','2020-10-14 06:48:06','admin','0:0:0:0:0:0:0:1','/email/findNewEmail',13,'com.hqs.controller.EmailControllerfindNewEmail'),('2666266d6d704f829e8a77fd72eefd8e','2020-10-14 06:42:16','admin','0:0:0:0:0:0:0:1','/email/findNewEmail',12,'com.hqs.controller.EmailControllerfindNewEmail'),('26b592c3ea474945ba6a8426bcd3eb98','2020-10-14 06:17:35','admin','0:0:0:0:0:0:0:1','/email/findNewEmail',12,'com.hqs.controller.EmailControllerfindNewEmail'),('271293c8e641412f83cee9d4d289fc43','2020-10-14 06:47:54','admin','0:0:0:0:0:0:0:1','/email/findNewEmail',13,'com.hqs.controller.EmailControllerfindNewEmail'),('277700017ae0477581afdefeac52b9f2','2020-10-09 11:15:45','user','0:0:0:0:0:0:0:1','/sysLog/findAll',12,'com.hqs.controller.SysLogControllerfindAll'),('27a13e84e7f44eb1a87ff9f59d680cac','2020-10-14 06:42:18','admin','0:0:0:0:0:0:0:1','/email/findNewEmail',13,'com.hqs.controller.EmailControllerfindNewEmail'),('28ac1165ec3643f7870207b79195351d','2020-10-14 06:37:07','admin','0:0:0:0:0:0:0:1','/email/findNewEmail',7,'com.hqs.controller.EmailControllerfindNewEmail'),('28bf3726aac14f5c9b2db81b315f9284','2020-10-14 07:10:51','admin','0:0:0:0:0:0:0:1','/sysLog/findAll',46,'com.hqs.controller.SysLogControllerfindAll'),('296c946e771648b0ada61d8978d34106','2020-10-09 11:50:45','admin','0:0:0:0:0:0:0:1','/email/findNewEmail',9,'com.hqs.controller.EmailControllerfindNewEmail'),('2ba41b9b7e92482f90daef4332b6ca5b','2020-10-14 03:10:11','admin','0:0:0:0:0:0:0:1','/email/findNewEmail',7,'com.hqs.controller.EmailControllerfindNewEmail'),('2bf0c045c1384af788cb99b6c62a1fc2','2020-10-14 06:55:09','admin','0:0:0:0:0:0:0:1','/email/findNewEmail',9,'com.hqs.controller.EmailControllerfindNewEmail'),('2c0bd6dc58a44af59ddf276972190e27','2020-10-14 07:25:55','admin','0:0:0:0:0:0:0:1','/email/sendEmail',150,'com.hqs.controller.EmailControllersendEmail'),('2c240b176f0f4b2dbdbc7f60eb642429','2020-10-14 07:10:48','admin','0:0:0:0:0:0:0:1','/permission/findAll',15,'com.hqs.controller.PermissionControllerfindAll'),('2dbd0fcf303442fdaea5335080f6d645','2020-10-09 11:51:59','admin','0:0:0:0:0:0:0:1','/email/findNewEmail',13,'com.hqs.controller.EmailControllerfindNewEmail'),('2e6c8a1f2e2245989af8b4942594723f','2020-10-09 11:36:58','user','0:0:0:0:0:0:0:1','/email/findNewEmailNum',15,'com.hqs.controller.EmailControllerfindNewEmailNum'),('2ef9838db895451c99a7c98e05de78e9','2020-10-14 06:56:12','admin','0:0:0:0:0:0:0:1','/email/findNewEmail',10,'com.hqs.controller.EmailControllerfindNewEmail'),('2f481c12665c4a6d9fc1891794db44aa','2020-10-14 06:43:48','admin','0:0:0:0:0:0:0:1','/email/findNewEmail',17,'com.hqs.controller.EmailControllerfindNewEmail'),('2f4e95255da24e378e7ad487574ec313','2020-10-14 07:25:43','admin','0:0:0:0:0:0:0:1','/email/linkToSend',9,'com.hqs.controller.EmailControllerlinkToSend'),('3105ff16696d496295022d9915ac0f55','2020-10-14 06:16:47','admin','0:0:0:0:0:0:0:1','/email/findNewEmail',13,'com.hqs.controller.EmailControllerfindNewEmail'),('3183cc9286f4494198c11ea89f738951','2020-10-14 06:59:21','admin','0:0:0:0:0:0:0:1','/email/findNewEmail',11,'com.hqs.controller.EmailControllerfindNewEmail'),('318625e4549d4f41a88bbee9fcf21694','2020-10-14 06:37:54','admin','0:0:0:0:0:0:0:1','/email/findNewEmail',15,'com.hqs.controller.EmailControllerfindNewEmail'),('319f5d6d8d5f4afc99fe39b728c28956','2020-10-09 11:56:43','admin','0:0:0:0:0:0:0:1','/email/findNewEmail',10,'com.hqs.controller.EmailControllerfindNewEmail'),('31b8a5f5b0c344d3b92b1816af4cf39d','2020-10-14 06:43:49','admin','0:0:0:0:0:0:0:1','/email/findNewEmail',20,'com.hqs.controller.EmailControllerfindNewEmail'),('31d3c3bb5c9c4c99a50fe6648cad1e55','2020-10-14 06:13:15','admin','0:0:0:0:0:0:0:1','/email/linkToSend',10,'com.hqs.controller.EmailControllerlinkToSend'),('31f615ae74324d3d9b7735d1f93ff876','2020-10-14 06:21:04','admin','0:0:0:0:0:0:0:1','/email/findNewEmail',15,'com.hqs.controller.EmailControllerfindNewEmail'),('3306f49facd8409ca52f5c948c4802b4','2020-10-09 11:57:57','admin','0:0:0:0:0:0:0:1','/email/findNewEmail',8,'com.hqs.controller.EmailControllerfindNewEmail'),('33368c18a1084a2aa3a81944b0ffba6a','2020-10-14 06:57:27','admin','0:0:0:0:0:0:0:1','/email/findNewEmail',15,'com.hqs.controller.EmailControllerfindNewEmail'),('33a69e83c7b442da85b9a4ab78425e62','2020-10-14 06:48:07','admin','0:0:0:0:0:0:0:1','/email/findNewEmail',21,'com.hqs.controller.EmailControllerfindNewEmail'),('3474ccde86d64686ad5bea8cbb253c70','2020-10-09 11:53:10','admin','0:0:0:0:0:0:0:1','/email/findNewEmail',8,'com.hqs.controller.EmailControllerfindNewEmail'),('34a42ab8fdf24af9818bb6b468c37414','2020-10-13 11:46:35','admin','0:0:0:0:0:0:0:1','/email/findNewEmail',23,'com.hqs.controller.EmailControllerfindNewEmail'),('354f89cc695a4a0d9dd0272d6b67ed1d','2020-10-14 07:21:29','admin','0:0:0:0:0:0:0:1','/permission/findAll',14,'com.hqs.controller.PermissionControllerfindAll'),('35916465308a4d84a0792d834d2fdf91','2020-10-14 06:39:54','admin','0:0:0:0:0:0:0:1','/email/findNewEmail',12,'com.hqs.controller.EmailControllerfindNewEmail'),('35cec9552b184ae0b51365b1855e555c','2020-10-14 06:59:25','admin','0:0:0:0:0:0:0:1','/email/findNewEmail',13,'com.hqs.controller.EmailControllerfindNewEmail'),('35eecbfcf0f945f7a62d6852d93b0462','2020-10-14 06:49:12','admin','0:0:0:0:0:0:0:1','/email/findNewEmail',13,'com.hqs.controller.EmailControllerfindNewEmail'),('36204490677e4ecc8cdf26fd2ecce6f3','2020-10-09 11:36:22','admin','0:0:0:0:0:0:0:1','/emailfindAll',12,'com.hqs.controller.EmailControllerfindAll'),('37f8fbf0ef9f488c9e1906abe4a0bfc8','2020-10-09 11:54:23','admin','0:0:0:0:0:0:0:1','/email/findNewEmail',8,'com.hqs.controller.EmailControllerfindNewEmail'),('37fd41e8d0c246f094db493c4b90659e','2020-10-14 07:29:25','user','0:0:0:0:0:0:0:1','/email/setRead',14,'com.hqs.controller.EmailControllersetRead'),('3839fc015e8a4593b377144150efc95c','2020-10-14 06:08:07','admin','0:0:0:0:0:0:0:1','/email/linkToSend',11,'com.hqs.controller.EmailControllerlinkToSend'),('38f9e5e8f0834500bd530316bd3a695f','2020-10-14 06:14:56','admin','0:0:0:0:0:0:0:1','/email/linkToSend',7,'com.hqs.controller.EmailControllerlinkToSend'),('3934e26b26d148e698595fb99fb69b6e','2020-10-14 06:41:39','admin','0:0:0:0:0:0:0:1','/email/findNewEmail',13,'com.hqs.controller.EmailControllerfindNewEmail'),('3a5a71f9c784455e9adfe53e4cab28b6','2020-10-14 06:16:25','admin','0:0:0:0:0:0:0:1','/email/findNewEmail',11,'com.hqs.controller.EmailControllerfindNewEmail'),('3a7df760d5a74be39add23824495a7b6','2020-10-09 11:59:36','admin','0:0:0:0:0:0:0:1','/email/findNewEmail',8,'com.hqs.controller.EmailControllerfindNewEmail'),('3ac40a034b5e4dd7bc7f7fe5a867732a','2020-10-09 11:36:33','admin','0:0:0:0:0:0:0:1','/email/findNewEmail',14,'com.hqs.controller.EmailControllerfindNewEmail'),('3af3dbd555e74ca084b5df17c0b23e47','2020-10-14 06:49:08','admin','0:0:0:0:0:0:0:1','/email/findNewEmail',12,'com.hqs.controller.EmailControllerfindNewEmail'),('3ba872fbba5042b49339380a06d67087','2020-10-14 06:37:48','admin','0:0:0:0:0:0:0:1','/email/findNewEmail',14,'com.hqs.controller.EmailControllerfindNewEmail'),('3c373a19ea6145908e9de20c0e308df5','2020-10-14 06:37:52','admin','0:0:0:0:0:0:0:1','/email/findNewEmail',13,'com.hqs.controller.EmailControllerfindNewEmail'),('3c86260c30284f1a9422e0df4b9bf2dc','2020-10-14 03:18:09','admin','0:0:0:0:0:0:0:1','/email/findNewEmail',9,'com.hqs.controller.EmailControllerfindNewEmail'),('3cb624570fd640d9a47bb8e0b337d25e','2020-10-14 06:10:19','admin','0:0:0:0:0:0:0:1','/email/linkToSend',7,'com.hqs.controller.EmailControllerlinkToSend'),('3da5b2834ff4466cbf49a03b6e591f42','2020-10-14 06:40:52','admin','0:0:0:0:0:0:0:1','/email/findNewEmail',20,'com.hqs.controller.EmailControllerfindNewEmail'),('3e11e189df8c44c1ab42c615cf157a8d','2020-10-14 06:07:04','admin','0:0:0:0:0:0:0:1','/email/linkToSend',6,'com.hqs.controller.EmailControllerlinkToSend'),('3e1e876cadbb423a8e1b5caedf6ef712','2020-10-14 06:47:52','admin','0:0:0:0:0:0:0:1','/email/findNewEmail',14,'com.hqs.controller.EmailControllerfindNewEmail'),('3f06ac88ea5246bfaed83f0d2ef6929a','2020-10-14 07:27:57','admin','0:0:0:0:0:0:0:1','/emailfindAll',28,'com.hqs.controller.EmailControllerfindAll'),('3f34b402358a4462bc40c4f08ac83380','2020-10-14 03:19:02','admin','0:0:0:0:0:0:0:1','/email/findNewEmail',8,'com.hqs.controller.EmailControllerfindNewEmail'),('3f7852472dd742c688a01baf10426857','2020-10-09 11:50:01','admin','0:0:0:0:0:0:0:1','/email/findNewEmailNum',7,'com.hqs.controller.EmailControllerfindNewEmailNum'),('405b046a0d3c4d92aaebc89ec4c63a2d','2020-10-14 07:29:29','user','0:0:0:0:0:0:0:1','/emailfindAll',39,'com.hqs.controller.EmailControllerfindAll'),('40c7b1c51d424306a071bdd36256883f','2020-10-14 06:47:53','admin','0:0:0:0:0:0:0:1','/email/findNewEmail',13,'com.hqs.controller.EmailControllerfindNewEmail'),('40fe48af6ed441dfae5df79b3007367b','2020-10-14 06:15:50','admin','0:0:0:0:0:0:0:1','/email/findNewEmail',14,'com.hqs.controller.EmailControllerfindNewEmail'),('41101596f18d4206bb34afaea8f05dc8','2020-10-14 06:37:08','admin','0:0:0:0:0:0:0:1','/email/findNewEmail',12,'com.hqs.controller.EmailControllerfindNewEmail'),('4161272297344b79a96a0ddfc77fc52c','2020-10-14 07:07:00','admin','0:0:0:0:0:0:0:1','/emailfindAll',19,'com.hqs.controller.EmailControllerfindAll'),('427420737be74118b637d77cff6f36ec','2020-10-14 06:40:24','admin','0:0:0:0:0:0:0:1','/email/findNewEmail',10,'com.hqs.controller.EmailControllerfindNewEmail'),('42be060b9d6841fdb75c8134ab59abbb','2020-10-14 07:28:10','admin','0:0:0:0:0:0:0:1','/email/linkToSend',12,'com.hqs.controller.EmailControllerlinkToSend'),('42dbdbf5f7964c238e17040ab3b2b3c6','2020-10-14 06:57:52','admin','0:0:0:0:0:0:0:1','/email/findNewEmail',12,'com.hqs.controller.EmailControllerfindNewEmail'),('42ed1f430f9f4bb2ad4061ae021af9f9','2020-10-14 07:07:03','admin','0:0:0:0:0:0:0:1','/emailfindAll',21,'com.hqs.controller.EmailControllerfindAll'),('43c70313abdc499bb2c0e476d84b64e5','2020-10-14 03:25:42','admin','0:0:0:0:0:0:0:1','/email/findNewEmail',10,'com.hqs.controller.EmailControllerfindNewEmail'),('44b1c70b393c4afcbf8f57b2c63d1bcf','2020-10-14 06:07:06','admin','0:0:0:0:0:0:0:1','/email/linkToSend',7,'com.hqs.controller.EmailControllerlinkToSend'),('44fe1bba11164840b308618fdf420003','2020-10-14 03:10:07','admin','0:0:0:0:0:0:0:1','/email/findNewEmail',9,'com.hqs.controller.EmailControllerfindNewEmail'),('45c789b0c26442d3b8273296c588ad52','2020-10-14 06:14:58','admin','0:0:0:0:0:0:0:1','/email/linkToSend',9,'com.hqs.controller.EmailControllerlinkToSend'),('4600c1186b5a41ccb9710c0fc1eeb10b','2020-10-14 06:40:26','admin','0:0:0:0:0:0:0:1','/email/findNewEmail',13,'com.hqs.controller.EmailControllerfindNewEmail'),('46cf101827b643bb872eee9af66c0b5a','2020-10-14 03:25:46','admin','0:0:0:0:0:0:0:1','/email/findNewEmail',8,'com.hqs.controller.EmailControllerfindNewEmail'),('470b858226be4dc893ff9c660fce53cf','2020-10-14 06:16:09','admin','0:0:0:0:0:0:0:1','/email/findNewEmail',14,'com.hqs.controller.EmailControllerfindNewEmail'),('4728e0b1f7cd4603bb2d62b3a3183e51','2020-10-14 06:56:15','admin','0:0:0:0:0:0:0:1','/email/findNewEmail',15,'com.hqs.controller.EmailControllerfindNewEmail'),('48f918acd07e4d0b8f86548c87efbada','2020-10-14 06:40:21','admin','0:0:0:0:0:0:0:1','/email/findNewEmail',14,'com.hqs.controller.EmailControllerfindNewEmail'),('4929bc036b944e8d964118796a3c8348','2020-10-14 06:07:32','admin','0:0:0:0:0:0:0:1','/email/linkToSend',7,'com.hqs.controller.EmailControllerlinkToSend'),('4984d514cee84407ba0871137739919f','2020-10-14 06:37:49','admin','0:0:0:0:0:0:0:1','/email/findNewEmail',11,'com.hqs.controller.EmailControllerfindNewEmail'),('49f5c7c118c3483c9e0ea0625473ec9f','2020-10-09 11:36:53','user','0:0:0:0:0:0:0:1','/email/findNewEmail',10,'com.hqs.controller.EmailControllerfindNewEmail'),('4a5ddcdc05e74a46b696912a428b0b9f','2020-10-09 11:50:31','admin','0:0:0:0:0:0:0:1','/email/findNewEmailNum',6,'com.hqs.controller.EmailControllerfindNewEmailNum'),('4c17d14dc2514d7d9090069f6c054cfb','2020-10-14 06:40:22','admin','0:0:0:0:0:0:0:1','/email/findNewEmail',15,'com.hqs.controller.EmailControllerfindNewEmail'),('4cb0933e7ecc4d35907e2e10536ecd60','2020-10-14 06:16:05','admin','0:0:0:0:0:0:0:1','/email/findNewEmail',11,'com.hqs.controller.EmailControllerfindNewEmail'),('4d042d0e072342efb763e438a5c6766b','2020-10-09 11:16:42','user','0:0:0:0:0:0:0:1','/email/findNewEmail',9,'com.hqs.controller.EmailControllerfindNewEmail'),('4d27823f53e64f48a3ceb5818f69bea1','2020-10-14 06:57:00','admin','0:0:0:0:0:0:0:1','/email/findNewEmail',14,'com.hqs.controller.EmailControllerfindNewEmail'),('4d6b4c9ad5a74170b0716672958d1bf1','2020-10-14 06:41:39','admin','0:0:0:0:0:0:0:1','/email/findNewEmail',16,'com.hqs.controller.EmailControllerfindNewEmail'),('4e356a2a6e2c4918972b8f796633bd78','2020-10-09 12:10:02','admin','0:0:0:0:0:0:0:1','/email/findNewEmail',7,'com.hqs.controller.EmailControllerfindNewEmail'),('4e7d1ff907f54401a100797ae8fdae79','2020-10-14 07:05:39','admin','0:0:0:0:0:0:0:1','/emailfindAll',18,'com.hqs.controller.EmailControllerfindAll'),('4eea5e025a5b448ba7f408dc1ee25256','2020-10-09 12:09:42','admin','0:0:0:0:0:0:0:1','/email/findNewEmail',8,'com.hqs.controller.EmailControllerfindNewEmail'),('4f97a0edcd744455ae606f7af719b40b','2020-10-14 06:48:00','admin','0:0:0:0:0:0:0:1','/email/findNewEmail',13,'com.hqs.controller.EmailControllerfindNewEmail'),('4fa1ef8b9e4f4deea7c6aa217ca93f4e','2020-10-14 06:16:18','admin','0:0:0:0:0:0:0:1','/email/findNewEmail',14,'com.hqs.controller.EmailControllerfindNewEmail'),('4ffa712426314c109351015b1ff67da3','2020-10-14 06:16:02','admin','0:0:0:0:0:0:0:1','/email/findNewEmail',14,'com.hqs.controller.EmailControllerfindNewEmail'),('500b6a21b0c2411b9a123813e8b8d4fa','2020-10-09 11:50:16','admin','0:0:0:0:0:0:0:1','/email/findNewEmailNum',7,'com.hqs.controller.EmailControllerfindNewEmailNum'),('5020846d4a7045a4a77abe0bd1465f73','2020-10-14 06:15:08','admin','0:0:0:0:0:0:0:1','/email/linkToSend',7,'com.hqs.controller.EmailControllerlinkToSend'),('5063605b643444109020c6f9793a799c','2020-10-14 06:47:48','admin','0:0:0:0:0:0:0:1','/email/findNewEmail',17,'com.hqs.controller.EmailControllerfindNewEmail'),('5070aa51b43642999ec543afe3b18a29','2020-10-09 11:36:53','user','0:0:0:0:0:0:0:1','/email/findNewEmailNum',16,'com.hqs.controller.EmailControllerfindNewEmailNum'),('52822322eb024cc59e5cf362db1d1898','2020-10-14 06:54:28','admin','0:0:0:0:0:0:0:1','/email/findNewEmail',21,'com.hqs.controller.EmailControllerfindNewEmail'),('529a01f4dc9a40d680fae7ce3d48fc9c','2020-10-14 06:36:59','admin','0:0:0:0:0:0:0:1','/email/findNewEmail',12,'com.hqs.controller.EmailControllerfindNewEmail'),('52d483f3548746a2815521d73e95c5d7','2020-10-09 11:15:35','user','0:0:0:0:0:0:0:1','/email/sendEmail',13,'com.hqs.controller.EmailControllersendEmail'),('52f515feeac9434498b3556cd4e69e3f','2020-10-14 05:54:42','admin','0:0:0:0:0:0:0:1','/email/findNewEmail',83,'com.hqs.controller.EmailControllerfindNewEmail'),('530d225279bb40d785dd5036622ed160','2020-10-09 12:08:05','admin','0:0:0:0:0:0:0:1','/email/findNewEmail',11,'com.hqs.controller.EmailControllerfindNewEmail'),('53e514c98b364384811fcd875b51e8cb','2020-10-14 06:15:53','admin','0:0:0:0:0:0:0:1','/email/findNewEmail',13,'com.hqs.controller.EmailControllerfindNewEmail'),('5466cefd57304bfdb770948fc723d15c','2020-10-14 06:49:11','admin','0:0:0:0:0:0:0:1','/email/findNewEmail',13,'com.hqs.controller.EmailControllerfindNewEmail'),('54760de45eb64698b754cb383c866e51','2020-10-14 06:49:11','admin','0:0:0:0:0:0:0:1','/email/findNewEmail',12,'com.hqs.controller.EmailControllerfindNewEmail'),('54c30f1ecc084681b077753b213f3ad8','2020-10-14 03:26:38','admin','0:0:0:0:0:0:0:1','/email/findNewEmail',11,'com.hqs.controller.EmailControllerfindNewEmail'),('56ba016c0a804114b0f4d42c4f9beed4','2020-10-14 06:59:23','admin','0:0:0:0:0:0:0:1','/email/findNewEmail',14,'com.hqs.controller.EmailControllerfindNewEmail'),('584691bf3efe4710b316586b68f26d59','2020-10-14 03:04:52','admin','0:0:0:0:0:0:0:1','/email/findNewEmail',9,'com.hqs.controller.EmailControllerfindNewEmail'),('591a7fc5863b4eeaacfca0651732bd38','2020-10-14 03:10:07','admin','0:0:0:0:0:0:0:1','/email/findNewEmail',9,'com.hqs.controller.EmailControllerfindNewEmail'),('59d6e6778a714e429a239147d3fe69ab','2020-10-09 11:14:23','user','0:0:0:0:0:0:0:1','/email/findNewEmail',9,'com.hqs.controller.EmailControllerfindNewEmail'),('5b7e1b5b9c0c46e084e5e9286c5ff4ac','2020-10-14 07:10:46','admin','0:0:0:0:0:0:0:1','/role/findAll',17,'com.hqs.controller.RoleControllerfindAll'),('5ba220c63cdf4483baf5d8360b3b1044','2020-10-14 03:02:54','admin','0:0:0:0:0:0:0:1','/email/findNewEmail',12,'com.hqs.controller.EmailControllerfindNewEmail'),('5bb83cf8e79b49bcbf283293e330c431','2020-10-14 06:54:08','admin','0:0:0:0:0:0:0:1','/email/findNewEmail',22,'com.hqs.controller.EmailControllerfindNewEmail'),('5cecfde0deb44fc194843c753476139c','2020-10-09 11:36:33','admin','0:0:0:0:0:0:0:1','/email/findNewEmailNum',28,'com.hqs.controller.EmailControllerfindNewEmailNum'),('5cf38ce321e84c67a8fa0c602374387e','2020-10-14 03:04:40','admin','0:0:0:0:0:0:0:1','/email/findNewEmail',12,'com.hqs.controller.EmailControllerfindNewEmail'),('5d49d4c9923d4db9ae62346c5bb2e9c4','2020-10-14 07:29:24','user','0:0:0:0:0:0:0:1','/emailfindAll',32,'com.hqs.controller.EmailControllerfindAll'),('5ef125795319451087a1aa25250848d3','2020-10-09 12:07:59','admin','0:0:0:0:0:0:0:1','/email/findNewEmail',9,'com.hqs.controller.EmailControllerfindNewEmail'),('5fa62a3d2c0c4b8187838e70a8690593','2020-10-14 06:37:50','admin','0:0:0:0:0:0:0:1','/email/findNewEmail',15,'com.hqs.controller.EmailControllerfindNewEmail'),('609cb21aaa3b4f2d91eb835dff644669','2020-10-14 07:05:17','admin','0:0:0:0:0:0:0:1','/email/findNewEmail',15,'com.hqs.controller.EmailControllerfindNewEmail'),('63a44662dfa6489093ab7abe7cdb7d8f','2020-10-09 11:15:40','user','0:0:0:0:0:0:0:1','/emailfindAll',20,'com.hqs.controller.EmailControllerfindAll'),('63ba06acec724fed91f21241367465cb','2020-10-14 06:57:48','admin','0:0:0:0:0:0:0:1','/email/findNewEmail',14,'com.hqs.controller.EmailControllerfindNewEmail'),('63c6631ecf234068a60eca93a6e1d3f6','2020-10-14 07:21:32','admin','0:0:0:0:0:0:0:1','/product/findAll',7,'com.hqs.controller.ProductControllerfindAll'),('656eee5fbbb34310bdc03ef981b7492a','2020-10-14 07:06:47','admin','0:0:0:0:0:0:0:1','/email/linkToSend',7,'com.hqs.controller.EmailControllerlinkToSend'),('656f8932b6164d13b98acae6fec20d17','2020-10-14 07:05:17','admin','0:0:0:0:0:0:0:1','/emailfindAll',29,'com.hqs.controller.EmailControllerfindAll'),('669237cf8e8f466291784462ed709191','2020-10-14 06:15:36','admin','0:0:0:0:0:0:0:1','/emailfindAll',36,'com.hqs.controller.EmailControllerfindAll'),('6702df1cfd2b492ebfff4dd0897a1e47','2020-10-14 06:51:25','admin','0:0:0:0:0:0:0:1','/email/findNewEmail',12,'com.hqs.controller.EmailControllerfindNewEmail'),('675f9f52689f42fc92ed78381e115763','2020-10-14 06:43:48','admin','0:0:0:0:0:0:0:1','/email/findNewEmail',16,'com.hqs.controller.EmailControllerfindNewEmail'),('69670c44ff4d42c6a0b0e076f5d18421','2020-10-14 06:15:21','admin','0:0:0:0:0:0:0:1','/email/linkToSend',5,'com.hqs.controller.EmailControllerlinkToSend'),('69c2a764e94b491a90408574ecd73c3c','2020-10-14 06:43:52','admin','0:0:0:0:0:0:0:1','/email/findNewEmail',12,'com.hqs.controller.EmailControllerfindNewEmail'),('6aaa9e7c507244aebd2e2c7ff208f139','2020-10-14 06:42:14','admin','0:0:0:0:0:0:0:1','/email/findNewEmail',14,'com.hqs.controller.EmailControllerfindNewEmail'),('6aab24525dfd41adb7c32877486b51b8','2020-10-14 06:40:04','admin','0:0:0:0:0:0:0:1','/email/findNewEmail',15,'com.hqs.controller.EmailControllerfindNewEmail'),('6d966189569d4ea38d2cebcd12fab230','2020-10-14 07:00:39','admin','0:0:0:0:0:0:0:1','/email/findNewEmail',15,'com.hqs.controller.EmailControllerfindNewEmail'),('6e1ccd6656644c11b87c0e1a5fa96e70','2020-10-09 11:37:08','user','0:0:0:0:0:0:0:1','/email/findNewEmailNum',8,'com.hqs.controller.EmailControllerfindNewEmailNum'),('70ceee30bc3d4093a0ca850170a90b22','2020-10-09 11:36:43','admin','0:0:0:0:0:0:0:1','/email/findNewEmailNum',7,'com.hqs.controller.EmailControllerfindNewEmailNum'),('70fe38bd0a2349578254e2e28ad20898','2020-10-09 11:14:33','user','0:0:0:0:0:0:0:1','/email/linkToSend',3,'com.hqs.controller.EmailControllerlinkToSend'),('7123c24867e04ddaabda7a13bc232d06','2020-10-14 06:49:10','admin','0:0:0:0:0:0:0:1','/email/findNewEmail',10,'com.hqs.controller.EmailControllerfindNewEmail'),('72a71af130624f2fb55fdf5e81e6ff6a','2020-10-14 06:36:55','admin','0:0:0:0:0:0:0:1','/email/findNewEmail',13,'com.hqs.controller.EmailControllerfindNewEmail'),('72f3c4edeb9043368f0d323680c63537','2020-10-14 06:57:55','admin','0:0:0:0:0:0:0:1','/email/findNewEmail',12,'com.hqs.controller.EmailControllerfindNewEmail'),('7331607c6ab1476b8bce0dead50c91d0','2020-10-14 06:42:16','admin','0:0:0:0:0:0:0:1','/email/findNewEmail',12,'com.hqs.controller.EmailControllerfindNewEmail'),('739b126ec55142baae4d3c32779025a7','2020-10-14 03:10:09','admin','0:0:0:0:0:0:0:1','/email/findNewEmail',8,'com.hqs.controller.EmailControllerfindNewEmail'),('73bc1b0184604742af215a6370c21c3c','2020-10-14 06:16:13','admin','0:0:0:0:0:0:0:1','/email/findNewEmail',13,'com.hqs.controller.EmailControllerfindNewEmail'),('73ef4a95649c49c08068b2cfc93ff837','2020-10-14 07:28:20','admin','0:0:0:0:0:0:0:1','/emailfindAll',19,'com.hqs.controller.EmailControllerfindAll'),('74d7b038bc15422293d39b7d821a08d5','2020-10-14 06:06:09','admin','0:0:0:0:0:0:0:1','/email/findNewEmail',23,'com.hqs.controller.EmailControllerfindNewEmail'),('7521137203324cca8f240b2e3ac84361','2020-10-14 06:36:54','admin','0:0:0:0:0:0:0:1','/email/findNewEmail',13,'com.hqs.controller.EmailControllerfindNewEmail'),('75bd931f97b8411aaadea8d48875240c','2020-10-14 06:49:15','admin','0:0:0:0:0:0:0:1','/email/findNewEmail',9,'com.hqs.controller.EmailControllerfindNewEmail'),('75cffb9832904df0a13db09b2aa1a979','2020-10-14 03:07:13','admin','0:0:0:0:0:0:0:1','/email/findNewEmail',9,'com.hqs.controller.EmailControllerfindNewEmail'),('76bd55cb74124920860a169bc6633fd3','2020-10-14 06:34:27','admin','0:0:0:0:0:0:0:1','/email/findNewEmail',15,'com.hqs.controller.EmailControllerfindNewEmail'),('76ce286f98504a2c8f0efd5d35a8ec77','2020-10-09 11:50:26','admin','0:0:0:0:0:0:0:1','/email/findNewEmailNum',9,'com.hqs.controller.EmailControllerfindNewEmailNum'),('76f0bcf786dc43159f51c9512b969abe','2020-10-14 06:57:31','admin','0:0:0:0:0:0:0:1','/email/findNewEmail',14,'com.hqs.controller.EmailControllerfindNewEmail'),('776fbb59ea134735b705fa97c364f74d','2020-10-14 06:41:36','admin','0:0:0:0:0:0:0:1','/email/findNewEmail',12,'com.hqs.controller.EmailControllerfindNewEmail'),('7938426f781a4a8ca431ef5e2d4e0095','2020-10-14 06:59:27','admin','0:0:0:0:0:0:0:1','/email/findNewEmail',12,'com.hqs.controller.EmailControllerfindNewEmail'),('7a13a36b351d4efe8c70529c62f0bff9','2020-10-14 03:25:45','admin','0:0:0:0:0:0:0:1','/email/findNewEmail',7,'com.hqs.controller.EmailControllerfindNewEmail'),('7a301201aef54810a96cfd961723021a','2020-10-14 06:37:04','admin','0:0:0:0:0:0:0:1','/email/findNewEmail',12,'com.hqs.controller.EmailControllerfindNewEmail'),('7b011ee25da740df94e07668dd3fd954','2020-10-09 12:20:08','admin','0:0:0:0:0:0:0:1','/email/findNewEmail',14,'com.hqs.controller.EmailControllerfindNewEmail'),('7bc68d16bdfc4ab3b937f64ade3da25d','2020-10-09 11:33:02','admin','0:0:0:0:0:0:0:1','/email/findNewEmail',9,'com.hqs.controller.EmailControllerfindNewEmail'),('7bcd1931bdc34d2a8afcc8746a927fbe','2020-10-14 06:42:18','admin','0:0:0:0:0:0:0:1','/email/findNewEmail',15,'com.hqs.controller.EmailControllerfindNewEmail'),('7c478e4bbbdb42bba31e05de499c8334','2020-10-14 06:34:29','admin','0:0:0:0:0:0:0:1','/email/findNewEmail',12,'com.hqs.controller.EmailControllerfindNewEmail'),('7c743071f4c14f278362b26ab5a907d7','2020-10-14 03:19:06','admin','0:0:0:0:0:0:0:1','/email/findNewEmail',7,'com.hqs.controller.EmailControllerfindNewEmail'),('7c9384b9419e4523a0cf18eb6f2772fe','2020-10-14 06:36:56','admin','0:0:0:0:0:0:0:1','/email/findNewEmail',13,'com.hqs.controller.EmailControllerfindNewEmail'),('7cef16120717448a8e03ff6ca9489f84','2020-10-09 11:30:46','admin','0:0:0:0:0:0:0:1','/email/findNewEmail',11,'com.hqs.controller.EmailControllerfindNewEmail'),('7d189c9332ef4bb999b965f41726cb61','2020-10-14 06:47:08','admin','0:0:0:0:0:0:0:1','/email/findNewEmail',14,'com.hqs.controller.EmailControllerfindNewEmail'),('7d673eb08d41486e9f6d877944d7335f','2020-10-09 11:36:38','admin','0:0:0:0:0:0:0:1','/email/findNewEmailNum',7,'com.hqs.controller.EmailControllerfindNewEmailNum'),('7d725211e27a4db484a5c09933607ac0','2020-10-14 06:15:31','admin','0:0:0:0:0:0:0:1','/email/linkToSend',7,'com.hqs.controller.EmailControllerlinkToSend'),('7dca3f912429463d8f7e4f193de5c785','2020-10-14 06:36:59','admin','0:0:0:0:0:0:0:1','/email/findNewEmail',13,'com.hqs.controller.EmailControllerfindNewEmail'),('7dfd7c0786c14e17b803b050e5293ecc','2020-10-14 06:38:16','admin','0:0:0:0:0:0:0:1','/email/findNewEmail',11,'com.hqs.controller.EmailControllerfindNewEmail'),('7e602928ffed4355afaacbd095ffd3c0','2020-10-14 03:09:55','admin','0:0:0:0:0:0:0:1','/email/findNewEmail',9,'com.hqs.controller.EmailControllerfindNewEmail'),('80c3053085d5407a98f46df9b1bb67ca','2020-10-14 06:49:14','admin','0:0:0:0:0:0:0:1','/email/findNewEmail',13,'com.hqs.controller.EmailControllerfindNewEmail'),('8158f382952c45e6b260c4160c7e31bb','2020-10-09 11:58:12','admin','0:0:0:0:0:0:0:1','/email/findNewEmail',8,'com.hqs.controller.EmailControllerfindNewEmail'),('819bf2c8340b4597827487b3fbcb70f9','2020-10-14 06:49:09','admin','0:0:0:0:0:0:0:1','/email/findNewEmail',12,'com.hqs.controller.EmailControllerfindNewEmail'),('81f56a0c7a2e4d2dbe545e46c0cca1c2','2020-10-14 03:25:43','admin','0:0:0:0:0:0:0:1','/email/findNewEmail',8,'com.hqs.controller.EmailControllerfindNewEmail'),('82947d9065604337a2870ed4f204bba0','2020-10-14 06:53:22','admin','0:0:0:0:0:0:0:1','/email/findNewEmail',20,'com.hqs.controller.EmailControllerfindNewEmail'),('84373f85db9f4e0081c21bd2506cd725','2020-10-14 03:04:52','admin','0:0:0:0:0:0:0:1','/email/findNewEmail',10,'com.hqs.controller.EmailControllerfindNewEmail'),('846fd1c1013a4b5eaf0dc9fd0b49b034','2020-10-14 06:48:17','admin','0:0:0:0:0:0:0:1','/email/findNewEmail',14,'com.hqs.controller.EmailControllerfindNewEmail'),('8494ce02c2d045c79cfd3b6ee1422360','2020-10-14 06:59:35','admin','0:0:0:0:0:0:0:1','/email/findNewEmail',13,'com.hqs.controller.EmailControllerfindNewEmail'),('864435015584403ba971e18bc0294dce','2020-10-14 06:12:42','admin','0:0:0:0:0:0:0:1','/email/linkToSend',9,'com.hqs.controller.EmailControllerlinkToSend'),('87c30e40d69146918dcf10f568c7f77d','2020-10-14 06:56:49','admin','0:0:0:0:0:0:0:1','/email/findNewEmail',11,'com.hqs.controller.EmailControllerfindNewEmail'),('881f195aa4e64a73a65a852515225307','2020-10-14 06:54:05','admin','0:0:0:0:0:0:0:1','/email/findNewEmail',14,'com.hqs.controller.EmailControllerfindNewEmail'),('887131425ebf4c68aa32f7b1aefdd666','2020-10-14 03:19:05','admin','0:0:0:0:0:0:0:1','/email/findNewEmail',9,'com.hqs.controller.EmailControllerfindNewEmail'),('89e2cfb75a3247b0b81cd433fce1b741','2020-10-14 03:04:48','admin','0:0:0:0:0:0:0:1','/email/findNewEmail',10,'com.hqs.controller.EmailControllerfindNewEmail'),('8a7f735e0a8740c8be63b4ee46e7e24c','2020-10-14 03:04:48','admin','0:0:0:0:0:0:0:1','/email/findNewEmail',10,'com.hqs.controller.EmailControllerfindNewEmail'),('8b3ccbdbb99449569df73d5cfc0d40d0','2020-10-14 06:36:53','admin','0:0:0:0:0:0:0:1','/email/findNewEmail',8,'com.hqs.controller.EmailControllerfindNewEmail'),('8bddb4222e884a3887284b96c0a4b70a','2020-10-14 03:02:19','admin','0:0:0:0:0:0:0:1','/email/findNewEmail',12,'com.hqs.controller.EmailControllerfindNewEmail'),('8e8c7b7b8e8a45feb27048655308a662','2020-10-14 06:49:14','admin','0:0:0:0:0:0:0:1','/email/findNewEmail',13,'com.hqs.controller.EmailControllerfindNewEmail'),('8ea895a0fe1c458fa3aa930678aeff07','2020-10-14 03:04:50','admin','0:0:0:0:0:0:0:1','/email/findNewEmail',13,'com.hqs.controller.EmailControllerfindNewEmail'),('8eaa9870a674483c89f05853d306b8a8','2020-10-14 07:25:37','admin','0:0:0:0:0:0:0:1','/email/findNewEmail',69,'com.hqs.controller.EmailControllerfindNewEmail'),('8ee0f079b1734fb0bd48016b3b6d79e1','2020-10-14 06:49:06','admin','0:0:0:0:0:0:0:1','/email/findNewEmail',16,'com.hqs.controller.EmailControllerfindNewEmail'),('8fd96347810b49c9bea74904e4dd0206','2020-10-14 06:49:13','admin','0:0:0:0:0:0:0:1','/email/findNewEmail',12,'com.hqs.controller.EmailControllerfindNewEmail'),('91d2ed17527c4b1d88febcebfb983dd7','2020-10-14 06:51:09','admin','0:0:0:0:0:0:0:1','/email/findNewEmail',14,'com.hqs.controller.EmailControllerfindNewEmail'),('9296f3d2bafc4fc8a81a5400b590f7cc','2020-10-14 06:34:26','admin','0:0:0:0:0:0:0:1','/email/findNewEmail',12,'com.hqs.controller.EmailControllerfindNewEmail'),('92a6896f50424da187379c7e7082d8a2','2020-10-09 11:15:43','user','0:0:0:0:0:0:0:1','/email/findNewEmail',9,'com.hqs.controller.EmailControllerfindNewEmail'),('92fd0eb0c7314ffb85d1db160a537b37','2020-10-14 06:40:24','admin','0:0:0:0:0:0:0:1','/email/findNewEmail',13,'com.hqs.controller.EmailControllerfindNewEmail'),('933dfda057d2437b9320a664a90d5045','2020-10-14 06:47:07','admin','0:0:0:0:0:0:0:1','/email/findNewEmail',12,'com.hqs.controller.EmailControllerfindNewEmail'),('93999397400046ba8f155011af065383','2020-10-14 06:47:59','admin','0:0:0:0:0:0:0:1','/email/findNewEmail',13,'com.hqs.controller.EmailControllerfindNewEmail'),('95b143db4c3c445fb2ffc8d215aab100','2020-10-14 06:49:12','admin','0:0:0:0:0:0:0:1','/email/findNewEmail',12,'com.hqs.controller.EmailControllerfindNewEmail'),('95f9f33ed30a410489cd40ca59b23a54','2020-10-09 11:37:18','user','0:0:0:0:0:0:0:1','/email/findNewEmailNum',7,'com.hqs.controller.EmailControllerfindNewEmailNum'),('96766b8440604528ab679c581ba00a70','2020-10-14 06:41:39','admin','0:0:0:0:0:0:0:1','/email/findNewEmail',14,'com.hqs.controller.EmailControllerfindNewEmail'),('97987a1ade09429791d4e6c0e35dcc14','2020-10-14 06:16:03','admin','0:0:0:0:0:0:0:1','/email/findNewEmail',12,'com.hqs.controller.EmailControllerfindNewEmail'),('97daf8f6dd7648d39e61030171d757ac','2020-10-14 07:23:11','admin','0:0:0:0:0:0:0:1','/email/findNewEmail',11,'com.hqs.controller.EmailControllerfindNewEmail'),('999737c86dc94963bfa486094fc47627','2020-10-09 11:50:11','admin','0:0:0:0:0:0:0:1','/email/findNewEmailNum',11,'com.hqs.controller.EmailControllerfindNewEmailNum'),('99acc94bd19b4d49bf1debacdbf2fefd','2020-10-14 07:23:12','admin','0:0:0:0:0:0:0:1','/emailfindAll',19,'com.hqs.controller.EmailControllerfindAll'),('99c6d89fc14c45d298727ea6dce60594','2020-10-09 11:37:03','user','0:0:0:0:0:0:0:1','/email/findNewEmailNum',8,'com.hqs.controller.EmailControllerfindNewEmailNum'),('9a0b83eefca7427f813ea382b35a9181','2020-10-14 07:11:02','admin','0:0:0:0:0:0:0:1','/user/findAll',7,'com.hqs.controller.UserControllerfindAll'),('9a1e04dc314e465b820d584e6f80b21a','2020-10-14 06:50:38','admin','0:0:0:0:0:0:0:1','/email/findNewEmail',11,'com.hqs.controller.EmailControllerfindNewEmail'),('9a271c8f04f143abb41ec5da4b7fdb19','2020-10-14 06:54:04','admin','0:0:0:0:0:0:0:1','/email/findNewEmail',16,'com.hqs.controller.EmailControllerfindNewEmail'),('9a383f5b56dd404f8698c6ce30969862','2020-10-14 06:42:18','admin','0:0:0:0:0:0:0:1','/email/findNewEmail',15,'com.hqs.controller.EmailControllerfindNewEmail'),('9a79c89a838f4d1486123b53fc921e49','2020-10-14 07:05:37','admin','0:0:0:0:0:0:0:1','/email/linkToSend',6,'com.hqs.controller.EmailControllerlinkToSend'),('9aec655d43474ca5b4ae275892fd58c9','2020-10-14 06:14:05','admin','0:0:0:0:0:0:0:1','/email/linkToSend',9,'com.hqs.controller.EmailControllerlinkToSend'),('9afe336d3b4e42cbb1f27ba3afdca64a','2020-10-14 06:37:46','admin','0:0:0:0:0:0:0:1','/email/findNewEmail',10,'com.hqs.controller.EmailControllerfindNewEmail'),('9b5483615d3a463a8e138e0e51922264','2020-10-14 06:50:20','admin','0:0:0:0:0:0:0:1','/email/findNewEmail',16,'com.hqs.controller.EmailControllerfindNewEmail'),('9bac94fc73384afaa598d23737c78b24','2020-10-14 06:41:36','admin','0:0:0:0:0:0:0:1','/email/findNewEmail',13,'com.hqs.controller.EmailControllerfindNewEmail'),('9befbe8640514cd087361a919daed50e','2020-10-14 07:10:57','admin','0:0:0:0:0:0:0:1','/product/findAll',9,'com.hqs.controller.ProductControllerfindAll'),('9c5bf3a8cc2e44d19c6497750cf9f42e','2020-10-14 06:40:27','admin','0:0:0:0:0:0:0:1','/email/findNewEmail',12,'com.hqs.controller.EmailControllerfindNewEmail'),('9d31504b1fc04696b3c87d1af228fb82','2020-10-14 06:15:09','admin','0:0:0:0:0:0:0:1','/email/linkToSend',8,'com.hqs.controller.EmailControllerlinkToSend'),('9d5e61a1716241c799dc5f671ebbd9c5','2020-10-14 03:10:12','admin','0:0:0:0:0:0:0:1','/email/findNewEmail',9,'com.hqs.controller.EmailControllerfindNewEmail'),('9d93b65b627c4e23be3d547f5ca73ec7','2020-10-14 06:49:13','admin','0:0:0:0:0:0:0:1','/email/findNewEmail',12,'com.hqs.controller.EmailControllerfindNewEmail'),('9db0b8041f9c43f8978c6e290e01185a','2020-10-14 03:04:49','admin','0:0:0:0:0:0:0:1','/email/findNewEmail',10,'com.hqs.controller.EmailControllerfindNewEmail'),('9e181678765a45ac964fa50bfe9a2ac3','2020-10-14 06:47:11','admin','0:0:0:0:0:0:0:1','/email/findNewEmail',13,'com.hqs.controller.EmailControllerfindNewEmail'),('9e59609531eb42ef9d8fd86c3407b5e5','2020-10-14 03:25:59','admin','0:0:0:0:0:0:0:1','/email/findNewEmail',8,'com.hqs.controller.EmailControllerfindNewEmail'),('9f3db12c95ca4d42bce5647ddaa042b3','2020-10-14 06:51:05','admin','0:0:0:0:0:0:0:1','/email/findNewEmail',11,'com.hqs.controller.EmailControllerfindNewEmail'),('a00eede33e6b4fb9acb864bea3bd5c21','2020-10-14 03:19:07','admin','0:0:0:0:0:0:0:1','/email/findNewEmail',9,'com.hqs.controller.EmailControllerfindNewEmail'),('a061c29e0445480db2e0faf00c1e9207','2020-10-09 12:18:24','admin','0:0:0:0:0:0:0:1','/email/findNewEmail',8,'com.hqs.controller.EmailControllerfindNewEmail'),('a0913867eefe46de9ec26f384142f29d','2020-10-14 06:37:36','admin','0:0:0:0:0:0:0:1','/email/findNewEmail',11,'com.hqs.controller.EmailControllerfindNewEmail'),('a14aecc2bd024f50953c2ba22e9bf014','2020-10-09 11:15:42','user','0:0:0:0:0:0:0:1','/email/findNewEmail',13,'com.hqs.controller.EmailControllerfindNewEmail'),('a201409671744d48be96be0f0959e371','2020-10-14 06:41:31','admin','0:0:0:0:0:0:0:1','/email/findNewEmail',16,'com.hqs.controller.EmailControllerfindNewEmail'),('a2260b24fe324152b7ad6dc1a788922f','2020-10-14 06:47:51','admin','0:0:0:0:0:0:0:1','/email/findNewEmail',13,'com.hqs.controller.EmailControllerfindNewEmail'),('a2c34f7429224bddaea7c5792311820d','2020-10-14 07:03:56','admin','0:0:0:0:0:0:0:1','/order/findAll',37,'com.hqs.controller.OrderControllerfindAll'),('a2ebe406ce254fd096c592149c14c83f','2020-10-14 06:41:32','admin','0:0:0:0:0:0:0:1','/email/findNewEmail',12,'com.hqs.controller.EmailControllerfindNewEmail'),('a328316ea2904537807401d1450f7e47','2020-10-14 06:56:48','admin','0:0:0:0:0:0:0:1','/email/findNewEmail',13,'com.hqs.controller.EmailControllerfindNewEmail'),('a3d201df8bd843438a3c2127e56729df','2020-10-14 07:05:25','admin','0:0:0:0:0:0:0:1','/emailfindAll',19,'com.hqs.controller.EmailControllerfindAll'),('a52cb42a99494b17a5d9221f723faad2','2020-10-14 05:54:44','admin','0:0:0:0:0:0:0:1','/email/findNewEmail',20,'com.hqs.controller.EmailControllerfindNewEmail'),('a66d0aa8a0c545449b7050112062e1a6','2020-10-14 06:14:31','admin','0:0:0:0:0:0:0:1','/email/linkToSend',5,'com.hqs.controller.EmailControllerlinkToSend'),('a68d021d45d042298dd689ef304bf9b4','2020-10-14 07:28:20','admin','0:0:0:0:0:0:0:1','/email/sendEmail',30,'com.hqs.controller.EmailControllersendEmail'),('a72a849cb9bf4e07aacd7036706f04c7','2020-10-14 06:57:01','admin','0:0:0:0:0:0:0:1','/email/findNewEmail',11,'com.hqs.controller.EmailControllerfindNewEmail'),('a7d0c91eb3cc431b8b4fdf06ca34c6f2','2020-10-09 12:10:17','admin','0:0:0:0:0:0:0:1','/email/findNewEmail',8,'com.hqs.controller.EmailControllerfindNewEmail'),('a7dbfd1db757467fb2820a3dac765a8a','2020-10-14 03:04:48','admin','0:0:0:0:0:0:0:1','/email/findNewEmail',13,'com.hqs.controller.EmailControllerfindNewEmail'),('a848d71dd8934cf3b648b5d5eaa4c8e5','2020-10-14 06:56:51','admin','0:0:0:0:0:0:0:1','/email/findNewEmail',11,'com.hqs.controller.EmailControllerfindNewEmail'),('a88c6c7002bc40c4af786c36ec24f3d4','2020-10-14 06:41:37','admin','0:0:0:0:0:0:0:1','/email/findNewEmail',13,'com.hqs.controller.EmailControllerfindNewEmail'),('a909651f68854970a5d9aeda3c0a4f9d','2020-10-14 06:15:56','admin','0:0:0:0:0:0:0:1','/email/findNewEmail',15,'com.hqs.controller.EmailControllerfindNewEmail'),('aa0dfac781e14d039bd0b4b79d68a2f6','2020-10-14 06:16:23','admin','0:0:0:0:0:0:0:1','/email/findNewEmail',15,'com.hqs.controller.EmailControllerfindNewEmail'),('aaa1111862514c8ea17fc925a7ae986a','2020-10-14 06:52:19','admin','0:0:0:0:0:0:0:1','/email/findNewEmail',13,'com.hqs.controller.EmailControllerfindNewEmail'),('ac9d914f011c4c5cb37688a864a2b21b','2020-10-14 06:17:19','admin','0:0:0:0:0:0:0:1','/email/findNewEmail',12,'com.hqs.controller.EmailControllerfindNewEmail'),('ad6f6589eddc4e47ab8a3bbb77caae4e','2020-10-14 06:34:28','admin','0:0:0:0:0:0:0:1','/email/findNewEmail',15,'com.hqs.controller.EmailControllerfindNewEmail'),('ad8b8d2ddd9b41528d5a7844d96f214f','2020-10-09 11:14:08','user','0:0:0:0:0:0:0:1','/email/findNewEmail',10,'com.hqs.controller.EmailControllerfindNewEmail'),('aeac760fa6764af89b7d2ec01503a849','2020-10-14 06:41:38','admin','0:0:0:0:0:0:0:1','/email/findNewEmail',13,'com.hqs.controller.EmailControllerfindNewEmail'),('aedc05fac586451eb3701eb63049e6a6','2020-10-14 06:06:18','admin','0:0:0:0:0:0:0:1','/email/linkToSend',7,'com.hqs.controller.EmailControllerlinkToSend'),('aedcd41e77d24055a3477b1141dbc628','2020-10-14 06:42:18','admin','0:0:0:0:0:0:0:1','/email/findNewEmail',11,'com.hqs.controller.EmailControllerfindNewEmail'),('af8012a7736648b489ebfc9e81347fc9','2020-10-14 06:39:56','admin','0:0:0:0:0:0:0:1','/email/findNewEmail',13,'com.hqs.controller.EmailControllerfindNewEmail'),('af85ce494bed4d3a8f13933a5a0c8ce7','2020-10-14 06:49:07','admin','0:0:0:0:0:0:0:1','/email/findNewEmail',12,'com.hqs.controller.EmailControllerfindNewEmail'),('b077936292e647a1916e370fccae2be8','2020-10-14 07:29:28','user','0:0:0:0:0:0:0:1','/emailfindAll',32,'com.hqs.controller.EmailControllerfindAll'),('b085e3d94e4a416489d5dc7879fc9e73','2020-10-14 07:06:49','admin','0:0:0:0:0:0:0:1','/emailfindAll',19,'com.hqs.controller.EmailControllerfindAll'),('b1d7ac8f439d41afa882dfc3349cfb60','2020-10-14 07:23:31','admin','0:0:0:0:0:0:0:1','/email/sendEmail',215,'com.hqs.controller.EmailControllersendEmail'),('b2906237faf2450787e3c7151d3f9865','2020-10-14 06:47:09','admin','0:0:0:0:0:0:0:1','/email/findNewEmail',17,'com.hqs.controller.EmailControllerfindNewEmail'),('b2a8b354e47a4283974a66b7364aaf49','2020-10-09 11:15:38','user','0:0:0:0:0:0:0:1','/email/linkToSend',11,'com.hqs.controller.EmailControllerlinkToSend'),('b3511148c8b84cc6818c11306ed73bb2','2020-10-14 06:36:53','admin','0:0:0:0:0:0:0:1','/email/findNewEmail',14,'com.hqs.controller.EmailControllerfindNewEmail'),('b44eed72fef14d009297ec07ca9376f1','2020-10-14 06:43:47','admin','0:0:0:0:0:0:0:1','/email/findNewEmail',17,'com.hqs.controller.EmailControllerfindNewEmail'),('b551537e8fe1464fb27b0483de4f7669','2020-10-14 06:48:02','admin','0:0:0:0:0:0:0:1','/email/findNewEmail',15,'com.hqs.controller.EmailControllerfindNewEmail'),('b6727a38e1104d5c8b809f7a81bb7b8e','2020-10-14 06:54:45','admin','0:0:0:0:0:0:0:1','/email/findNewEmail',10,'com.hqs.controller.EmailControllerfindNewEmail'),('b6731ce583d942b6936869ea037831b6','2020-10-14 06:41:33','admin','0:0:0:0:0:0:0:1','/email/findNewEmail',12,'com.hqs.controller.EmailControllerfindNewEmail'),('b6926726684b47379332cb3c31d4f177','2020-10-14 06:49:15','admin','0:0:0:0:0:0:0:1','/email/findNewEmail',11,'com.hqs.controller.EmailControllerfindNewEmail'),('b849ce33b56449569ff4dae739a5a6d9','2020-10-14 06:50:20','admin','0:0:0:0:0:0:0:1','/email/findNewEmail',13,'com.hqs.controller.EmailControllerfindNewEmail'),('b8b4dbd3a83d4506b41dc99456f083cf','2020-10-14 06:48:21','admin','0:0:0:0:0:0:0:1','/email/findNewEmail',13,'com.hqs.controller.EmailControllerfindNewEmail'),('b8ff8bccdf084e7abd9348b88de58c62','2020-10-14 06:47:50','admin','0:0:0:0:0:0:0:1','/email/findNewEmail',14,'com.hqs.controller.EmailControllerfindNewEmail'),('bbd241b5415c45b89f18356fbccd6ca7','2020-10-14 06:59:32','admin','0:0:0:0:0:0:0:1','/email/findNewEmail',12,'com.hqs.controller.EmailControllerfindNewEmail'),('bd1a2862e792460489aecb3d9a2ad211','2020-10-14 06:41:39','admin','0:0:0:0:0:0:0:1','/email/findNewEmail',14,'com.hqs.controller.EmailControllerfindNewEmail'),('bd50ad109e1c41d29779827e759f3d32','2020-10-14 06:37:51','admin','0:0:0:0:0:0:0:1','/email/findNewEmail',13,'com.hqs.controller.EmailControllerfindNewEmail'),('bdfd75a8b52b4a17a0df2cf93ce34c05','2020-10-14 07:29:16','user','0:0:0:0:0:0:0:1','/email/findNewEmail',17,'com.hqs.controller.EmailControllerfindNewEmail'),('be02ac8c749c4e83a334a66accd23635','2020-10-14 06:56:50','admin','0:0:0:0:0:0:0:1','/email/findNewEmail',9,'com.hqs.controller.EmailControllerfindNewEmail'),('be1c74bb375443448a33a7c073aae9cf','2020-10-14 07:10:59','admin','0:0:0:0:0:0:0:1','/order/findAll',25,'com.hqs.controller.OrderControllerfindAll'),('be25d9cb521744a991dba1be251b4cb6','2020-10-14 06:40:21','admin','0:0:0:0:0:0:0:1','/email/findNewEmail',14,'com.hqs.controller.EmailControllerfindNewEmail'),('be53b87b022147be8ff13427513d3b66','2020-10-14 03:26:35','admin','0:0:0:0:0:0:0:1','/email/findNewEmail',10,'com.hqs.controller.EmailControllerfindNewEmail'),('be759292b77541f0a0add220c3c11019','2020-10-14 07:07:02','admin','0:0:0:0:0:0:0:1','/emailfindAll',27,'com.hqs.controller.EmailControllerfindAll'),('bee871bfd6874cf6a3f8345c11d8707b','2020-10-14 06:51:24','admin','0:0:0:0:0:0:0:1','/email/findNewEmail',13,'com.hqs.controller.EmailControllerfindNewEmail'),('bf029dd7186d4063ad0bdc5544ae8330','2020-10-14 06:54:43','admin','0:0:0:0:0:0:0:1','/email/findNewEmail',15,'com.hqs.controller.EmailControllerfindNewEmail'),('bf0f1739348b429db1878fd755824030','2020-10-14 06:06:10','admin','0:0:0:0:0:0:0:1','/emailfindAll',28,'com.hqs.controller.EmailControllerfindAll'),('c01f4692c9264f7c98f7a266f4f1356e','2020-10-14 06:47:09','admin','0:0:0:0:0:0:0:1','/email/findNewEmail',15,'com.hqs.controller.EmailControllerfindNewEmail'),('c0b5a64013634ad4b61e0d18e89c5264','2020-10-14 06:56:59','admin','0:0:0:0:0:0:0:1','/email/findNewEmail',12,'com.hqs.controller.EmailControllerfindNewEmail'),('c219b9990bb14e219d16ae60d09704e9','2020-10-14 02:49:20','admin','0:0:0:0:0:0:0:1','/email/findNewEmail',16,'com.hqs.controller.EmailControllerfindNewEmail'),('c2a1e7608e9b4dcdbe4b93dd8b8d3c5a','2020-10-14 06:15:54','admin','0:0:0:0:0:0:0:1','/email/findNewEmail',14,'com.hqs.controller.EmailControllerfindNewEmail'),('c2aee953c76c40aa964a9d70469ea6ac','2020-10-14 06:36:54','admin','0:0:0:0:0:0:0:1','/email/findNewEmail',12,'com.hqs.controller.EmailControllerfindNewEmail'),('c3b4b8485a1a494497ef26aa13d13fd3','2020-10-14 07:29:24','user','0:0:0:0:0:0:0:1','/email/setRead',11,'com.hqs.controller.EmailControllersetRead'),('c3b4c49253854e90a66bda104c43aaae','2020-10-14 06:50:22','admin','0:0:0:0:0:0:0:1','/email/findNewEmail',12,'com.hqs.controller.EmailControllerfindNewEmail'),('c465b1ac4d0d45ccb99ee6e471508547','2020-10-09 12:10:46','admin','0:0:0:0:0:0:0:1','/email/findNewEmail',7,'com.hqs.controller.EmailControllerfindNewEmail'),('c493da182b524d10b2e380dbd4fd2366','2020-10-14 06:47:07','admin','0:0:0:0:0:0:0:1','/email/findNewEmail',15,'com.hqs.controller.EmailControllerfindNewEmail'),('c52da2baa98946b391aa3c04110ac7c0','2020-10-09 11:13:59','user','0:0:0:0:0:0:0:1','/emailfindAll',21,'com.hqs.controller.EmailControllerfindAll'),('c63d5376e0984342ae1b9e24701180e2','2020-10-14 07:05:34','admin','0:0:0:0:0:0:0:1','/email/findNewEmail',12,'com.hqs.controller.EmailControllerfindNewEmail'),('c68593b5a9574796b97f5ddb3b78526d','2020-10-14 06:09:15','admin','0:0:0:0:0:0:0:1','/email/linkToSend',20,'com.hqs.controller.EmailControllerlinkToSend'),('c6be0e1226864e69895eca65d4cb0f93','2020-10-14 03:04:51','admin','0:0:0:0:0:0:0:1','/email/findNewEmail',10,'com.hqs.controller.EmailControllerfindNewEmail'),('c8a17ca32f3544f080fd579c7033b6dc','2020-10-14 07:28:42','user','0:0:0:0:0:0:0:1','/email/findNewEmail',16,'com.hqs.controller.EmailControllerfindNewEmail'),('c943153bb2954dc8bf1b430e5010edaf','2020-10-14 06:37:50','admin','0:0:0:0:0:0:0:1','/email/findNewEmail',12,'com.hqs.controller.EmailControllerfindNewEmail'),('cac80b3a90174d2cb70ac710c64ea213','2020-10-14 06:34:27','admin','0:0:0:0:0:0:0:1','/email/findNewEmail',12,'com.hqs.controller.EmailControllerfindNewEmail'),('cb8c3d1effec436abbad7a16d61ea2b8','2020-10-09 11:13:34','admin','0:0:0:0:0:0:0:1','/sysLog/findAll',10,'com.hqs.controller.SysLogControllerfindAll'),('cbda8eb118ae45c9849cef29786e3d87','2020-10-14 03:18:05','admin','0:0:0:0:0:0:0:1','/email/findNewEmail',9,'com.hqs.controller.EmailControllerfindNewEmail'),('cbe995b9b3b14c5dbfc6466ddb47e6e8','2020-10-14 03:26:38','admin','0:0:0:0:0:0:0:1','/email/findNewEmail',10,'com.hqs.controller.EmailControllerfindNewEmail'),('cc85a30039bf4d3684a60b57b93e02d3','2020-10-14 07:21:28','admin','0:0:0:0:0:0:0:1','/user/findAll',7,'com.hqs.controller.UserControllerfindAll'),('cd54410dcf3e403fa7d762073f9f5500','2020-10-14 06:12:23','admin','0:0:0:0:0:0:0:1','/email/linkToSend',7,'com.hqs.controller.EmailControllerlinkToSend'),('cdbddbb000d44d399a873103b5224f88','2020-10-14 06:36:55','admin','0:0:0:0:0:0:0:1','/email/findNewEmail',14,'com.hqs.controller.EmailControllerfindNewEmail'),('cddcbdb0d5d0420f9a939fadebf728c2','2020-10-14 06:39:53','admin','0:0:0:0:0:0:0:1','/email/findNewEmail',13,'com.hqs.controller.EmailControllerfindNewEmail'),('cdeb424284c84b4eab6d292ebc332720','2020-10-14 07:06:59','admin','0:0:0:0:0:0:0:1','/email/findNewEmail',11,'com.hqs.controller.EmailControllerfindNewEmail'),('cede7d9e6d084a898d5bf614a3e58711','2020-10-14 07:00:04','admin','0:0:0:0:0:0:0:1','/email/findNewEmail',11,'com.hqs.controller.EmailControllerfindNewEmail'),('cf671d18fd424eb0837a36c4c8c97d8a','2020-10-14 06:47:06','admin','0:0:0:0:0:0:0:1','/email/findNewEmail',21,'com.hqs.controller.EmailControllerfindNewEmail'),('cfb385164965460cb5993dec692a7753','2020-10-14 06:37:52','admin','0:0:0:0:0:0:0:1','/email/findNewEmail',12,'com.hqs.controller.EmailControllerfindNewEmail'),('cff67d7e193343f48ceffa59e10105e5','2020-10-14 06:38:16','admin','0:0:0:0:0:0:0:1','/email/findNewEmail',14,'com.hqs.controller.EmailControllerfindNewEmail'),('d00d4faa81af4948adf4d8f7db260183','2020-10-14 06:12:13','admin','0:0:0:0:0:0:0:1','/email/linkToSend',7,'com.hqs.controller.EmailControllerlinkToSend'),('d077321feb134028935fd63086bbbe10','2020-10-14 06:56:21','admin','0:0:0:0:0:0:0:1','/email/findNewEmail',15,'com.hqs.controller.EmailControllerfindNewEmail'),('d114f4cdbda04777a3538926d61be82c','2020-10-14 06:59:24','admin','0:0:0:0:0:0:0:1','/email/findNewEmail',13,'com.hqs.controller.EmailControllerfindNewEmail'),('d1b12a3773a943d5b6bd8eaea6b26564','2020-10-14 06:57:57','admin','0:0:0:0:0:0:0:1','/email/findNewEmail',12,'com.hqs.controller.EmailControllerfindNewEmail'),('d21ee81c39f44213ad30c7a2b74bcbdd','2020-10-14 06:16:54','admin','0:0:0:0:0:0:0:1','/email/findNewEmail',11,'com.hqs.controller.EmailControllerfindNewEmail'),('d2860426659d4e07958392d3768b8c2c','2020-10-14 07:05:35','admin','0:0:0:0:0:0:0:1','/emailfindAll',17,'com.hqs.controller.EmailControllerfindAll'),('d2ac9593820d4b39abfc580309f04321','2020-10-13 11:45:38','admin','0:0:0:0:0:0:0:1','/email/findNewEmail',40,'com.hqs.controller.EmailControllerfindNewEmail'),('d30006cfe0c74ef8b792fd1f65f6f120','2020-10-09 11:37:13','user','0:0:0:0:0:0:0:1','/email/findNewEmailNum',8,'com.hqs.controller.EmailControllerfindNewEmailNum'),('d307dd6b1d8b435f881ba98bc3b6876a','2020-10-14 06:41:30','admin','0:0:0:0:0:0:0:1','/email/findNewEmail',12,'com.hqs.controller.EmailControllerfindNewEmail'),('d4cbd8d10b9b416fb8e04d7739bb9aa1','2020-10-14 06:16:35','admin','0:0:0:0:0:0:0:1','/email/findNewEmail',12,'com.hqs.controller.EmailControllerfindNewEmail'),('d5b893ed850641cd8ef9056022df89e2','2020-10-09 11:14:07','user','0:0:0:0:0:0:0:1','/email/findNewEmail',10,'com.hqs.controller.EmailControllerfindNewEmail'),('d65dbc1d6aac428ca9683d8172a8d68b','2020-10-14 06:16:00','admin','0:0:0:0:0:0:0:1','/email/findNewEmail',14,'com.hqs.controller.EmailControllerfindNewEmail'),('d67e9d7e4b134e619b8dd8186e1e6976','2020-10-09 11:50:41','admin','0:0:0:0:0:0:0:1','/email/findNewEmailNum',8,'com.hqs.controller.EmailControllerfindNewEmailNum'),('d691b337a55a47d79b9a027755681573','2020-10-14 06:36:56','admin','0:0:0:0:0:0:0:1','/email/findNewEmail',14,'com.hqs.controller.EmailControllerfindNewEmail'),('d6f9fc6118c545b5996e011409760c83','2020-10-14 06:42:15','admin','0:0:0:0:0:0:0:1','/email/findNewEmail',12,'com.hqs.controller.EmailControllerfindNewEmail'),('d7d3ab77151f443298011ce5f7cd0999','2020-10-14 06:41:32','admin','0:0:0:0:0:0:0:1','/email/findNewEmail',14,'com.hqs.controller.EmailControllerfindNewEmail'),('d83a1c5fd2144552b7214c42c509da40','2020-10-14 06:16:29','admin','0:0:0:0:0:0:0:1','/email/findNewEmail',12,'com.hqs.controller.EmailControllerfindNewEmail'),('d8d6f27cb79f4ee4a1d7c8504727cf2b','2020-10-14 07:07:01','admin','0:0:0:0:0:0:0:1','/emailfindAll',16,'com.hqs.controller.EmailControllerfindAll'),('d980da5781444df38729b41fb6797876','2020-10-14 06:48:10','admin','0:0:0:0:0:0:0:1','/email/findNewEmail',15,'com.hqs.controller.EmailControllerfindNewEmail'),('d9c07e651091454cba00ddc165ada7ff','2020-10-14 07:29:10','user','0:0:0:0:0:0:0:1','/role/findAll',21,'com.hqs.controller.RoleControllerfindAll'),('da2bf5a8f4dc430ba2267f2636d7b357','2020-10-14 06:15:40','admin','0:0:0:0:0:0:0:1','/email/findNewEmail',13,'com.hqs.controller.EmailControllerfindNewEmail'),('da9d05f813b1400ebba8a7beb27d004c','2020-10-14 07:00:02','admin','0:0:0:0:0:0:0:1','/email/findNewEmail',13,'com.hqs.controller.EmailControllerfindNewEmail'),('dbfd4b4c8c98435fb05e3a4e604370fc','2020-10-14 03:04:51','admin','0:0:0:0:0:0:0:1','/email/findNewEmail',9,'com.hqs.controller.EmailControllerfindNewEmail'),('dc316ed22e9d4ca4b2e27a265065f161','2020-10-14 07:14:42','admin','0:0:0:0:0:0:0:1','/user/findAll',8,'com.hqs.controller.UserControllerfindAll'),('dc8f919cb4ea4342bac71c5ee5218aaa','2020-10-14 03:04:44','admin','0:0:0:0:0:0:0:1','/email/findNewEmail',8,'com.hqs.controller.EmailControllerfindNewEmail'),('dd82676bdbd14c759f9d34638bd1b2ac','2020-10-14 06:40:05','admin','0:0:0:0:0:0:0:1','/email/findNewEmail',10,'com.hqs.controller.EmailControllerfindNewEmail'),('dd93077294bd4544a47c4ccff6ab4475','2020-10-14 07:02:40','admin','0:0:0:0:0:0:0:1','/order/findAll',224,'com.hqs.controller.OrderControllerfindAll'),('ddc39f2e73164f16b157311e2ff47c86','2020-10-14 06:56:20','admin','0:0:0:0:0:0:0:1','/email/findNewEmail',9,'com.hqs.controller.EmailControllerfindNewEmail'),('dde11f2330114701befa38c172582c77','2020-10-14 06:15:47','admin','0:0:0:0:0:0:0:1','/email/findNewEmail',14,'com.hqs.controller.EmailControllerfindNewEmail'),('de633fb15d284fc992fe8e564975ffdb','2020-10-09 11:14:29','user','0:0:0:0:0:0:0:1','/emailfindAll',18,'com.hqs.controller.EmailControllerfindAll'),('df15ec858e6f41ac87f42faba34b6ffc','2020-10-14 06:40:20','admin','0:0:0:0:0:0:0:1','/email/findNewEmail',14,'com.hqs.controller.EmailControllerfindNewEmail'),('df1b343b61974670abb499fb8e0f6a90','2020-10-09 11:13:41','admin','0:0:0:0:0:0:0:1','/email/findNewEmail',17,'com.hqs.controller.EmailControllerfindNewEmail'),('df47dc710d8e41869ad6f26281fa399c','2020-10-14 03:08:27','admin','0:0:0:0:0:0:0:1','/email/findNewEmail',9,'com.hqs.controller.EmailControllerfindNewEmail'),('df7f4a5143ef47229a4cf88c1b446171','2020-10-09 11:15:35','user','0:0:0:0:0:0:0:1','/emailfindAll',17,'com.hqs.controller.EmailControllerfindAll'),('e0bd9efc6a2f4a66941d2105a8dd8ec8','2020-10-14 06:36:39','admin','0:0:0:0:0:0:0:1','/email/findNewEmail',10,'com.hqs.controller.EmailControllerfindNewEmail'),('e2a82ccbcab249d39337d4e36fc88fbe','2020-10-14 07:06:42','admin','0:0:0:0:0:0:0:1','/email/findNewEmail',11,'com.hqs.controller.EmailControllerfindNewEmail'),('e4ab110a0cf34b13bcea18ee88c43ab8','2020-10-14 06:16:12','admin','0:0:0:0:0:0:0:1','/email/findNewEmail',15,'com.hqs.controller.EmailControllerfindNewEmail'),('e5ae8d9a93b24be182e9796c914af33c','2020-10-09 11:53:32','admin','0:0:0:0:0:0:0:1','/email/findNewEmail',11,'com.hqs.controller.EmailControllerfindNewEmail'),('e5f12f7b31d246e597226ee4883f7c33','2020-10-14 06:16:45','admin','0:0:0:0:0:0:0:1','/email/findNewEmail',8,'com.hqs.controller.EmailControllerfindNewEmail'),('e6152bd435f04c7ebbe9cbb885e0241a','2020-10-14 06:40:22','admin','0:0:0:0:0:0:0:1','/email/findNewEmail',14,'com.hqs.controller.EmailControllerfindNewEmail'),('e7a6d553b7f84df3a5fc0061b934f274','2020-10-14 06:52:16','admin','0:0:0:0:0:0:0:1','/email/findNewEmail',14,'com.hqs.controller.EmailControllerfindNewEmail'),('e7c9430eed32487dbed180c0a9ba4f94','2020-10-14 06:36:40','admin','0:0:0:0:0:0:0:1','/email/findNewEmail',11,'com.hqs.controller.EmailControllerfindNewEmail'),('e8d3f33659e744dbad4d2f72f375c3ad','2020-10-14 06:57:56','admin','0:0:0:0:0:0:0:1','/email/findNewEmail',11,'com.hqs.controller.EmailControllerfindNewEmail'),('e92ae0f9c73040d1ae22421c36c823b3','2020-10-14 07:00:32','admin','0:0:0:0:0:0:0:1','/email/findNewEmail',11,'com.hqs.controller.EmailControllerfindNewEmail'),('ea42e10c1cdb4e9e900a01ddf5f33851','2020-10-14 06:07:12','admin','0:0:0:0:0:0:0:1','/email/linkToSend',7,'com.hqs.controller.EmailControllerlinkToSend'),('ea5b11daa7c14173bc522bfc7265eeb9','2020-10-14 06:11:38','admin','0:0:0:0:0:0:0:1','/email/linkToSend',5,'com.hqs.controller.EmailControllerlinkToSend'),('eb13692f139b4f92a0b3eccf660e3cb9','2020-10-09 12:21:03','admin','0:0:0:0:0:0:0:1','/email/findNewEmail',9,'com.hqs.controller.EmailControllerfindNewEmail'),('ebc161e7562d443bafc15ab12e2db2bc','2020-10-14 02:51:00','admin','0:0:0:0:0:0:0:1','/email/findNewEmail',17,'com.hqs.controller.EmailControllerfindNewEmail'),('ed2934af4cac4e33b789f5d7efe07278','2020-10-14 06:42:14','admin','0:0:0:0:0:0:0:1','/email/findNewEmail',12,'com.hqs.controller.EmailControllerfindNewEmail'),('ed70a572318549dd97b26e94efee93d1','2020-10-14 06:41:37','admin','0:0:0:0:0:0:0:1','/email/findNewEmail',12,'com.hqs.controller.EmailControllerfindNewEmail'),('ee1a3fb12c4c45689a457d91fcb31fd3','2020-10-14 07:06:13','admin','0:0:0:0:0:0:0:1','/emailfindAll',23,'com.hqs.controller.EmailControllerfindAll'),('eee76bb73a4c42f9a226a7896f284bb0','2020-10-14 02:54:21','admin','0:0:0:0:0:0:0:1','/email/findNewEmail',12,'com.hqs.controller.EmailControllerfindNewEmail'),('f0202a4c04f64bd598bf20dd59306aa0','2020-10-09 11:50:36','admin','0:0:0:0:0:0:0:1','/email/findNewEmailNum',9,'com.hqs.controller.EmailControllerfindNewEmailNum'),('f0d8d25d302b4e8497d91767e4ea96df','2020-10-14 07:23:19','admin','0:0:0:0:0:0:0:1','/email/linkToSend',9,'com.hqs.controller.EmailControllerlinkToSend'),('f1af72a9754b462783adf7c69519a373','2020-10-14 07:10:55','admin','0:0:0:0:0:0:0:1','/product/findAll',20,'com.hqs.controller.ProductControllerfindAll'),('f23cb62381674112bb0ea5e996124be3','2020-10-14 07:10:44','admin','0:0:0:0:0:0:0:1','/user/findAll',17,'com.hqs.controller.UserControllerfindAll'),('f2e10564a47a42678bbb5106ba0f9b1b','2020-10-14 03:08:40','admin','0:0:0:0:0:0:0:1','/email/findNewEmail',8,'com.hqs.controller.EmailControllerfindNewEmail'),('f3745e3b9c75488fae84b6288e4043ca','2020-10-14 06:49:10','admin','0:0:0:0:0:0:0:1','/email/findNewEmail',12,'com.hqs.controller.EmailControllerfindNewEmail'),('f3db23ef98764f18be1c79e56405d511','2020-10-14 03:10:13','admin','0:0:0:0:0:0:0:1','/email/findNewEmail',7,'com.hqs.controller.EmailControllerfindNewEmail'),('f595e13e4fb6446c8412fce0092b2ee8','2020-10-14 07:07:02','admin','0:0:0:0:0:0:0:1','/emailfindAll',20,'com.hqs.controller.EmailControllerfindAll'),('f5b19b0c6c2d478bada7c1ca888f3c1a','2020-10-14 02:51:20','admin','0:0:0:0:0:0:0:1','/email/findNewEmail',12,'com.hqs.controller.EmailControllerfindNewEmail'),('f5f95250ffdb4b2698d7ccdd0d1c4e8f','2020-10-14 06:48:11','admin','0:0:0:0:0:0:0:1','/email/findNewEmail',12,'com.hqs.controller.EmailControllerfindNewEmail'),('f6252d4ab8024275842616ca7bb374e9','2020-10-14 03:04:16','admin','0:0:0:0:0:0:0:1','/email/findNewEmail',12,'com.hqs.controller.EmailControllerfindNewEmail'),('f6dd760c27794f2ca718253fa0bda24c','2020-10-09 11:49:56','admin','0:0:0:0:0:0:0:1','/email/findNewEmail',9,'com.hqs.controller.EmailControllerfindNewEmail'),('f711ae9f44bc4367a7c14f7013a789de','2020-10-14 06:49:41','admin','0:0:0:0:0:0:0:1','/email/findNewEmail',15,'com.hqs.controller.EmailControllerfindNewEmail'),('f71f99da1225460a83ae1090eb73a6a1','2020-10-14 06:16:04','admin','0:0:0:0:0:0:0:1','/email/findNewEmail',13,'com.hqs.controller.EmailControllerfindNewEmail'),('f7434551d00145d68e1c32bac41a1f33','2020-10-14 06:14:28','admin','0:0:0:0:0:0:0:1','/email/linkToSend',7,'com.hqs.controller.EmailControllerlinkToSend'),('f7a50dd49f57489d8f823a1958056e89','2020-10-09 11:13:53','user','0:0:0:0:0:0:0:1','/email/findNewEmail',10,'com.hqs.controller.EmailControllerfindNewEmail'),('f81d288ee4d24131a87e2c5737ffa9c7','2020-10-14 06:07:07','admin','0:0:0:0:0:0:0:1','/email/linkToSend',7,'com.hqs.controller.EmailControllerlinkToSend'),('f82f8c4e996d42089e8a5253e234f12a','2020-10-14 06:42:18','admin','0:0:0:0:0:0:0:1','/email/findNewEmail',27,'com.hqs.controller.EmailControllerfindNewEmail'),('f88696e27dc748bdaeb5b8698a0d0ce9','2020-10-09 11:52:42','admin','0:0:0:0:0:0:0:1','/email/findNewEmail',15,'com.hqs.controller.EmailControllerfindNewEmail'),('f88c64efbf4f4a7e8cb45ce5ed5446ab','2020-10-14 03:18:08','admin','0:0:0:0:0:0:0:1','/email/findNewEmail',9,'com.hqs.controller.EmailControllerfindNewEmail'),('fba0197b74b141e891cd385155ee2f4e','2020-10-14 06:55:20','admin','0:0:0:0:0:0:0:1','/email/findNewEmail',11,'com.hqs.controller.EmailControllerfindNewEmail'),('fc599c795a004948a9cd419419b21e45','2020-10-14 06:17:49','admin','0:0:0:0:0:0:0:1','/email/findNewEmail',7,'com.hqs.controller.EmailControllerfindNewEmail'),('fcbd18dea57a4f35bcd362c0f907d51f','2020-10-14 07:29:25','user','0:0:0:0:0:0:0:1','/emailfindAll',32,'com.hqs.controller.EmailControllerfindAll'),('fcc212648fc44a2eb169761a244eacc1','2020-10-09 11:49:56','admin','0:0:0:0:0:0:0:1','/email/findNewEmailNum',11,'com.hqs.controller.EmailControllerfindNewEmailNum'),('fe1ff72b58cc4281a278a9fec31d820b','2020-10-14 07:29:17','user','0:0:0:0:0:0:0:1','/emailfindAll',41,'com.hqs.controller.EmailControllerfindAll'),('fe25afd4a0674d9a9ba43ecc4b03311c','2020-10-14 06:47:50','admin','0:0:0:0:0:0:0:1','/email/findNewEmail',16,'com.hqs.controller.EmailControllerfindNewEmail'),('fe5864876a9a4e1fa08638534f347c7a','2020-10-09 11:50:21','admin','0:0:0:0:0:0:0:1','/email/findNewEmailNum',9,'com.hqs.controller.EmailControllerfindNewEmailNum'),('fe5a6b3a8c154a45a032e31255494e15','2020-10-14 07:06:31','admin','0:0:0:0:0:0:0:1','/email/findNewEmail',14,'com.hqs.controller.EmailControllerfindNewEmail'),('ff0072b99ba1469e945ca78f183158f1','2020-10-14 03:18:07','admin','0:0:0:0:0:0:0:1','/email/findNewEmail',9,'com.hqs.controller.EmailControllerfindNewEmail'),('ff1c7c89f4104c75aa9babd0b2fdd0ab','2020-10-14 06:56:14','admin','0:0:0:0:0:0:0:1','/email/findNewEmail',16,'com.hqs.controller.EmailControllerfindNewEmail'),('ff6c3e62661146d9b01be4d0d51be87d','2020-10-14 06:57:28','admin','0:0:0:0:0:0:0:1','/email/findNewEmail',11,'com.hqs.controller.EmailControllerfindNewEmail'),('ff899d42b1d74650b0caffc063d7bb45','2020-10-14 06:42:19','admin','0:0:0:0:0:0:0:1','/email/findNewEmail',15,'com.hqs.controller.EmailControllerfindNewEmail'),('ff9c2ad0e94c478ab49245d875b4db27','2020-10-14 06:47:12','admin','0:0:0:0:0:0:0:1','/email/findNewEmail',15,'com.hqs.controller.EmailControllerfindNewEmail');

/*Table structure for table `traveller` */

DROP TABLE IF EXISTS `traveller`;

CREATE TABLE `traveller` (
  `id` varchar(32) NOT NULL,
  `NAME` varchar(20) DEFAULT NULL,
  `sex` varchar(20) DEFAULT NULL,
  `phoneNum` varchar(20) DEFAULT NULL,
  `credentialsType` int(11) DEFAULT NULL,
  `credentialsNum` varchar(50) DEFAULT NULL,
  `travellerType` int(11) DEFAULT NULL,
  PRIMARY KEY (`id`)
) ENGINE=InnoDB DEFAULT CHARSET=utf8mb4 COLLATE=utf8mb4_0900_ai_ci;

/*Data for the table `traveller` */

insert  into `traveller`(`id`,`NAME`,`sex`,`phoneNum`,`credentialsType`,`credentialsNum`,`travellerType`) values ('3FE27DF2A4E44A6DBC5D0FE4651D3D3E','张龙','男','13333333333',0,'123456789009876543',0),('EE7A71FB6945483FBF91543DBE851960','张小龙','男','15555555555',0,'987654321123456789',1);

/*Table structure for table `users` */

DROP TABLE IF EXISTS `users`;

CREATE TABLE `users` (
  `id` varchar(32) NOT NULL,
  `email` varchar(50) NOT NULL,
  `username` varchar(50) DEFAULT NULL,
  `PASSWORD` varchar(60) CHARACTER SET utf8mb4 COLLATE utf8mb4_0900_ai_ci DEFAULT NULL,
  `phoneNum` varchar(20) DEFAULT NULL,
  `STATUS` int(11) DEFAULT NULL,
  PRIMARY KEY (`id`),
  UNIQUE KEY `email` (`email`)
) ENGINE=InnoDB DEFAULT CHARSET=utf8mb4 COLLATE=utf8mb4_0900_ai_ci;

/*Data for the table `users` */

insert  into `users`(`id`,`email`,`username`,`PASSWORD`,`phoneNum`,`STATUS`) values ('a','123','user','$2a$10$tMk.HB2lpey/wMoSHcHql.l6SXOsRkXsAUOrCPJcxnYgkls3uxEuO','1383443211',1),('d99b4237366048979e1bbef136e57882','zhangsan@itcast.cn','admin','$2a$10$tMk.HB2lpey/wMoSHcHql.l6SXOsRkXsAUOrCPJcxnYgkls3uxEuO','12322222222',1);

/*Table structure for table `users_role` */

DROP TABLE IF EXISTS `users_role`;

CREATE TABLE `users_role` (
  `userId` varchar(32) NOT NULL,
  `roleId` varchar(32) NOT NULL,
  PRIMARY KEY (`userId`,`roleId`),
  KEY `roleId` (`roleId`),
  CONSTRAINT `users_role_ibfk_1` FOREIGN KEY (`userId`) REFERENCES `users` (`id`),
  CONSTRAINT `users_role_ibfk_2` FOREIGN KEY (`roleId`) REFERENCES `role` (`id`)
) ENGINE=InnoDB DEFAULT CHARSET=utf8mb4 COLLATE=utf8mb4_0900_ai_ci;

/*Data for the table `users_role` */

insert  into `users_role`(`userId`,`roleId`) values ('a','a'),('d99b4237366048979e1bbef136e57882','a'),('d99b4237366048979e1bbef136e57882','ebb6d0f89343411893830510296a2104');

/*!40101 SET SQL_MODE=@OLD_SQL_MODE */;
/*!40014 SET FOREIGN_KEY_CHECKS=@OLD_FOREIGN_KEY_CHECKS */;
/*!40014 SET UNIQUE_CHECKS=@OLD_UNIQUE_CHECKS */;
/*!40111 SET SQL_NOTES=@OLD_SQL_NOTES */;
